VendorID,tpep_pickup_datetime,tpep_dropoff_datetime,passenger_count,trip_distance,pickup_longitude,pickup_latitude,RateCodeID,store_and_fwd_flag,dropoff_longitude,dropoff_latitude,payment_type,fare_amount,extra,mta_tax,tip_amount,tolls_amount,improvement_surcharge,total_amount
2,2015-01-15 19:05:39,2015-01-15 19:23:42,1,1.59,-73.993896484375,40.750110626220703,1,N,-73.974784851074219,40.750617980957031,1,12,1,0.5,3.25,0,0.3,17.05
1,2015-01-10 20:33:38,2015-01-10 20:53:28,1,3.30,-74.00164794921875,40.7242431640625,1,N,-73.994415283203125,40.759109497070313,1,14.5,0.5,0.5,2,0,0.3,17.8
1,2015-01-10 20:33:38,2015-01-10 20:43:41,1,1.80,-73.963340759277344,40.802787780761719,1,N,-73.951820373535156,40.824413299560547,2,9.5,0.5,0.5,0,0,0.3,10.8
1,2015-01-10 20:33:39,2015-01-10 20:35:31,1,.50,-74.009086608886719,40.713817596435547,1,N,-74.004325866699219,40.719985961914063,2,3.5,0.5,0.5,0,0,0.3,4.8
1,2015-01-10 20:33:39,2015-01-10 20:52:58,1,3.00,-73.971176147460938,40.762428283691406,1,N,-74.004180908203125,40.742652893066406,2,15,0.5,0.5,0,0,0.3,16.3
1,2015-01-10 20:33:39,2015-01-10 20:53:52,1,9.00,-73.874374389648438,40.7740478515625,1,N,-73.986976623535156,40.758193969726563,1,27,0.5,0.5,6.7,5.33,0.3,40.33
1,2015-01-10 20:33:39,2015-01-10 20:58:31,1,2.20,-73.9832763671875,40.726009368896484,1,N,-73.992469787597656,40.7496337890625,2,14,0.5,0.5,0,0,0.3,15.3
1,2015-01-10 20:33:39,2015-01-10 20:42:20,3,.80,-74.002662658691406,40.734142303466797,1,N,-73.995010375976563,40.726325988769531,1,7,0.5,0.5,1.66,0,0.3,9.96
1,2015-01-10 20:33:39,2015-01-10 21:11:35,3,18.20,-73.783042907714844,40.644355773925781,2,N,-73.987594604492187,40.759357452392578,2,52,0,0.5,0,5.33,0.3,58.13
1,2015-01-10 20:33:40,2015-01-10 20:40:44,2,.90,-73.985588073730469,40.767948150634766,1,N,-73.985916137695313,40.759365081787109,1,6.5,0.5,0.5,1.55,0,0.3,9.35
1,2015-01-10 20:33:40,2015-01-10 20:41:39,1,.90,-73.988616943359375,40.723102569580078,1,N,-74.00439453125,40.728584289550781,1,7,0.5,0.5,1.66,0,0.3,9.96
1,2015-01-10 20:33:41,2015-01-10 20:43:26,1,1.10,-73.993782043457031,40.751419067382812,1,N,-73.9674072265625,40.757217407226563,1,7.5,0.5,0.5,1,0,0.3,9.8
1,2015-01-10 20:33:41,2015-01-10 20:35:23,1,.30,-74.00836181640625,40.704376220703125,1,N,-74.009773254394531,40.707725524902344,2,3,0.5,0.5,0,0,0.3,4.3
1,2015-01-10 20:33:41,2015-01-10 21:03:04,1,3.10,-73.973945617675781,40.760448455810547,1,N,-73.997344970703125,40.735210418701172,1,19,0.5,0.5,3,0,0.3,23.3
1,2015-01-10 20:33:41,2015-01-10 20:39:23,1,1.10,-74.006721496582031,40.731777191162109,1,N,-73.995216369628906,40.739894866943359,2,6,0.5,0.5,0,0,0.3,7.3
2,2015-01-15 19:05:39,2015-01-15 19:32:00,1,2.38,-73.976425170898437,40.739810943603516,1,N,-73.983978271484375,40.757888793945313,1,16.5,1,0.5,4.38,0,0.3,22.68
2,2015-01-15 19:05:40,2015-01-15 19:21:00,5,2.83,-73.968704223632812,40.754245758056641,1,N,-73.955123901367188,40.786857604980469,2,12.5,1,0.5,0,0,0.3,14.3
2,2015-01-15 19:05:40,2015-01-15 19:28:18,5,8.33,-73.863059997558594,40.769580841064453,1,N,-73.952713012695312,40.785781860351563,1,26,1,0.5,8.08,5.33,0.3,41.21
2,2015-01-15 19:05:41,2015-01-15 19:20:36,1,2.37,-73.945541381835938,40.779422760009766,1,N,-73.980850219726563,40.786083221435547,1,11.5,1,0.5,0,0,0.3,13.3
2,2015-01-15 19:05:41,2015-01-15 19:20:22,2,7.13,-73.874458312988281,40.774009704589844,1,N,-73.952377319335938,40.718589782714844,1,21.5,1,0.5,4.5,0,0.3,27.8
2,2015-01-15 19:05:41,2015-01-15 19:31:00,1,3.60,-73.976600646972656,40.751895904541016,1,N,-73.998924255371094,40.714595794677734,2,17.5,1,0.5,0,0,0.3,19.3
2,2015-01-15 19:05:41,2015-01-15 19:10:22,1,.89,-73.994956970214844,40.745079040527344,1,N,-73.99993896484375,40.734649658203125,1,5.5,1,0.5,1.62,0,0.3,8.92
2,2015-01-15 19:05:41,2015-01-15 19:10:55,1,.96,-74.000938415527344,40.747062683105469,1,N,-74.003562927246094,40.735511779785156,1,5.5,1,0.5,1.3,0,0.3,8.6
2,2015-01-15 19:05:41,2015-01-15 19:12:36,2,1.25,-74.002777099609375,40.717891693115234,1,N,-74.007919311523438,40.704219818115234,1,6.5,1,0.5,1.5,0,0.3,9.8
2,2015-01-15 19:05:41,2015-01-15 19:22:11,5,2.11,-73.997459411621094,40.736362457275391,1,N,-73.978172302246094,40.761856079101562,1,11.5,1,0.5,2.5,0,0.3,15.8
2,2015-01-15 19:05:41,2015-01-15 19:14:05,5,1.15,-73.952278137207031,40.823993682861328,1,N,-73.953338623046875,40.811088562011719,1,7.5,1,0.5,1.7,0,0.3,11
2,2015-01-15 19:05:42,2015-01-15 19:16:18,1,1.53,-73.991127014160156,40.750080108642578,1,N,-73.988609313964844,40.734889984130859,2,9,1,0.5,0,0,0.3,10.8
2,2015-01-15 19:05:42,2015-01-15 19:49:07,1,18.06,-73.786575317382812,40.644126892089844,2,N,-73.985603332519531,40.7435302734375,1,52,0,0.5,6,5.33,0.3,64.13
2,2015-01-15 19:05:42,2015-01-15 19:18:33,1,1.76,-73.993667602539063,40.741447448730469,1,N,-73.994514465332031,40.757720947265625,1,10,1,0.5,2.36,0,0.3,14.16
2,2015-01-15 19:05:42,2015-01-15 19:21:40,6,5.19,-73.98529052734375,40.744083404541016,1,N,-74.009078979492188,40.704689025878906,1,17.5,1,0.5,3.7,0,0.3,23
2,2015-01-15 19:05:42,2015-01-15 19:14:23,1,1.38,-73.969772338867187,40.785610198974609,1,N,-73.950706481933594,40.774681091308594,1,7.5,1,0.5,1.7,0,0.3,11
2,2015-01-15 19:05:43,2015-01-15 19:05:44,2,.01,0,0,5,N,0,0,1,60,0,0,0,0,0.3,60.3
2,2015-01-15 19:05:43,2015-01-15 19:17:43,2,2.23,-73.985092163085938,40.756988525390625,1,N,-73.984878540039063,40.7801513671875,1,10,1,0.5,2.2,0,0.3,14
2,2015-01-15 19:05:43,2015-01-15 19:15:17,1,1.56,-73.966163635253906,40.762161254882813,1,N,-73.950050354003906,40.776252746582031,1,8,1,0.5,1.8,0,0.3,11.6
2,2015-01-15 19:05:43,2015-01-15 19:15:09,5,1.57,-73.978424072265625,40.746208190917969,1,N,-73.980216979980469,40.728542327880859,1,8,1,0.5,1.8,0,0.3,11.6
2,2015-01-15 19:05:44,2015-01-15 19:17:44,1,2.92,-73.99835205078125,40.72003173828125,1,N,-73.955825805664062,40.715599060058594,1,12.5,1,0.5,2.7,0,0.3,17
1,2015-01-10 19:12:21,2015-01-10 19:31:33,1,2.90,-74.0030517578125,40.727718353271484,1,N,-73.976036071777344,40.763969421386719,2,13.5,0,0.5,0,0,0.3,14.3
1,2015-01-10 19:12:21,2015-01-10 19:46:08,1,16.40,-73.977096557617187,40.763172149658203,2,N,-73.79071044921875,40.644275665283203,1,52,0,0.5,10,0,0.3,62.8
2,2015-01-25 00:13:04,2015-01-25 00:13:18,1,.02,-73.99481201171875,40.727741241455078,1,N,-73.996940612792969,40.725559234619141,2,2.5,0.5,0.5,0,0,0.3,3.8
2,2015-01-25 00:13:05,2015-01-25 00:29:11,1,1.73,-73.985939025878906,40.726764678955078,1,N,-74.006546020507813,40.737865447998047,2,11,0.5,0.5,0,0,0.3,12.3
2,2015-01-25 00:13:05,2015-01-25 00:25:43,1,2.25,-73.979988098144531,40.743274688720703,1,N,-74.008087158203125,40.739055633544922,1,10.5,0.5,0.5,2.36,0,0.3,14.16
2,2015-01-25 00:13:05,2015-01-25 00:25:50,1,3.53,-73.988967895507813,40.7216796875,1,N,-73.978729248046875,40.762470245361328,2,12.5,0.5,0.5,0,0,0.3,13.8
2,2015-01-25 00:13:06,2015-01-25 00:23:26,1,2.01,-73.948684692382812,40.782360076904297,1,N,-73.957084655761719,40.801990509033203,1,9.5,0.5,0.5,2.16,0,0.3,12.96
2,2015-01-25 00:13:06,2015-01-25 00:24:51,1,3.37,-73.945510864257813,40.773723602294922,1,N,-73.987434387207031,40.755706787109375,1,12.5,0.5,0.5,0,0,0.3,13.8
2,2015-01-25 00:13:06,2015-01-25 00:22:20,1,1.35,-73.933944702148438,40.762851715087891,1,N,-73.917022705078125,40.770946502685547,1,8,0.5,0.5,0.7,0,0.3,10
2,2015-01-25 00:13:06,2015-01-25 00:18:30,1,1.18,-73.983024597167969,40.767818450927734,1,N,-73.968307495117188,40.763149261474609,1,6,0.5,0.5,1.8,0,0.3,9.1
2,2015-01-25 00:13:06,2015-01-25 00:21:15,5,2.05,-73.990959167480469,40.734821319580078,1,N,-73.990730285644531,40.75537109375,1,8.5,0.5,0.5,1.96,0,0.3,11.76
2,2015-01-25 00:13:06,2015-01-25 00:34:32,1,3.05,-73.99163818359375,40.727088928222656,1,N,-73.951713562011719,40.714778900146484,1,16.5,0.5,0.5,5.34,0,0.3,23.14
2,2015-01-25 00:13:07,2015-01-25 00:27:08,4,3.06,-73.992637634277344,40.723793029785156,1,N,-73.96405029296875,40.756866455078125,1,12.5,0.5,0.5,2.76,0,0.3,16.56
2,2015-01-25 00:13:07,2015-01-25 00:15:39,1,.49,-73.986160278320312,40.75994873046875,1,N,-73.983604431152344,40.763938903808594,2,4,0.5,0.5,0,0,0.3,5.3
2,2015-01-25 00:13:07,2015-01-25 00:24:59,1,2.60,-73.948478698730469,40.782478332519531,1,N,-73.971534729003906,40.800338745117187,1,11,0.5,0.5,1.5,0,0.3,13.8
2,2015-01-25 00:13:07,2015-01-25 00:41:19,1,6.17,-74.001632690429687,40.740936279296875,1,N,-73.919807434082031,40.743080139160156,1,24,0.5,0.5,2.7,0,0.3,28
2,2015-01-25 00:13:08,2015-01-25 00:34:57,1,3.72,-73.975341796875,40.789878845214844,1,N,-74.005043029785156,40.741191864013672,1,16.5,0.5,0.5,3.56,0,0.3,21.36
2,2015-01-25 00:13:08,2015-01-25 00:18:57,1,1.10,-73.979881286621094,40.746246337890625,1,N,-73.987663269042969,40.732673645019531,2,6,0.5,0.5,0,0,0.3,7.3
2,2015-01-25 00:13:09,2015-01-25 00:21:38,2,2.63,-73.992828369140625,40.701484680175781,1,N,-73.992904663085938,40.719978332519531,1,10.5,0.5,0.5,2.36,0,0.3,14.16
2,2015-01-25 00:13:09,2015-01-25 00:22:51,2,2.22,-73.992530822753906,40.724460601806641,1,N,-74.010894775390625,40.703266143798828,1,9.5,0.5,0.5,2.7,0,0.3,13.5
2,2015-01-25 00:13:09,2015-01-25 00:20:30,1,1.79,-73.9556884765625,40.772468566894531,1,N,-73.974380493164063,40.756671905517578,1,8,0.5,0.5,2.79,0,0.3,12.09
2,2015-01-25 00:13:09,2015-01-25 00:24:28,1,1.14,-73.993110656738281,40.724288940429687,1,N,-74.0009765625,40.735221862792969,1,8.5,0.5,0.5,1.96,0,0.3,11.76
2,2015-01-25 00:13:09,2015-01-25 01:02:40,1,10.20,-73.997611999511719,40.762241363525391,1,N,-73.908576965332031,40.690048217773437,2,39,0.5,0.5,0,0,0.3,40.3
2,2015-01-04 13:44:51,2015-01-04 13:53:27,5,1.48,-73.986351013183594,40.759376525878906,1,N,-73.996246337890625,40.746711730957031,1,7.5,0,0.5,1.5,0,0.3,9.8
2,2015-01-04 13:44:51,2015-01-04 13:45:03,1,.03,-73.944511413574219,40.794567108154297,1,N,-73.9447021484375,40.794334411621094,2,2.5,0,0.5,0,0,0.3,3.3
1,2015-01-04 13:44:52,2015-01-04 13:56:49,1,2.50,0,0,1,N,0,0,1,11,0,0.5,2.35,0,0,14.15
2,2015-01-04 13:44:52,2015-01-04 13:46:38,1,.36,-73.991249084472656,40.765460968017578,1,N,-73.987533569335938,40.768409729003906,2,3.5,0,0.5,0,0,0.3,4.3
2,2015-01-04 13:44:52,2015-01-04 13:56:58,3,3.14,-73.977943420410156,40.684871673583984,1,N,-73.996490478515625,40.725509643554688,1,12.5,0,0.5,2.5,0,0.3,15.8
2,2015-01-04 13:44:52,2015-01-04 13:53:17,1,1.14,-73.990951538085938,40.750808715820312,1,N,-73.979408264160156,40.741260528564453,1,7,0,0.5,1.4,0,0.3,9.2
2,2015-01-04 13:44:52,2015-01-04 14:04:23,1,8.98,-73.871002197265625,40.773792266845703,1,N,-73.96136474609375,40.770042419433594,1,27,0,0.5,0,5.33,0.3,33.13
2,2015-01-04 13:44:52,2015-01-04 13:49:03,1,.85,0,0,1,N,0,0,2,5.5,0,0.5,0,0,0.3,6.3
1,2015-01-04 13:44:53,2015-01-04 13:49:40,2,.70,-73.994735717773437,40.740093231201172,1,N,-73.998313903808594,40.736244201660156,2,5,0,0.5,0,0,0,5.8
1,2015-01-04 13:44:53,2015-01-04 13:51:53,3,1.50,-74.014205932617187,40.712089538574219,1,N,-74.0010986328125,40.724128723144531,2,7.5,0,0.5,0,0,0,8.3
2,2015-01-04 13:44:53,2015-01-04 13:55:07,2,1.26,-73.97955322265625,40.766265869140625,1,N,-73.983383178710938,40.755313873291016,2,8.5,0,0.5,0,0,0.3,9.3
2,2015-01-04 13:44:53,2015-01-04 13:51:26,1,1.56,-73.957786560058594,40.774585723876953,1,N,-73.972236633300781,40.756885528564453,1,7,0,0.5,1,0,0.3,8.8
1,2015-01-04 13:44:54,2015-01-04 13:53:36,1,1.50,-73.969406127929688,40.798587799072266,1,N,-73.971885681152344,40.781940460205078,1,8,0,0.5,1.75,0,0,10.55
1,2015-01-04 13:44:54,2015-01-04 13:50:29,1,1.10,-73.967979431152344,40.802135467529297,1,N,-73.977684020996094,40.787265777587891,1,6.5,0,0.5,2,0,0,9.3
1,2015-01-04 13:44:54,2015-01-04 13:47:15,1,.50,-73.962516784667969,40.770038604736328,1,N,-73.967735290527344,40.762855529785156,1,4,0,0.5,1,0,0,5.8
2,2015-01-04 13:44:54,2015-01-04 14:02:23,2,8.79,-73.964202880859375,40.773368835449219,1,N,-73.870635986328125,40.773834228515625,1,26,0,0.5,4,5.33,0.3,36.13
2,2015-01-04 13:44:54,2015-01-04 13:53:15,1,1.39,-73.986251831054687,40.730438232421875,1,N,-73.991218566894531,40.742168426513672,2,7.5,0,0.5,0,0,0.3,8.3
2,2015-01-15 14:00:41,2015-01-15 14:11:18,1,1.64,-73.983726501464844,40.746341705322266,1,N,-73.966796875,40.761405944824219,2,8.5,0,0.5,0,0,0.3,9.3
2,2015-01-15 14:00:41,2015-01-15 14:19:26,1,1.53,-73.995780944824219,40.732940673828125,1,N,-73.991073608398438,40.750381469726563,2,12,0,0.5,0,0,0.3,12.8
2,2015-01-15 14:00:41,2015-01-15 14:31:42,5,7.48,-73.870819091796875,40.773700714111328,1,N,-73.968696594238281,40.762680053710937,2,27,0,0.5,0,0,0.3,27.8
2,2015-01-15 14:00:41,2015-01-15 14:13:48,1,3.00,-73.964271545410156,40.773021697998047,1,N,-73.965774536132813,40.804668426513672,2,12,0,0.5,0,0,0.3,12.8
2,2015-01-15 14:00:42,2015-01-15 14:05:01,1,.67,-73.970932006835938,40.795921325683594,1,N,-73.970169067382813,40.78912353515625,1,5,0,0.5,1,0,0.3,6.8
2,2015-01-15 14:00:42,2015-01-15 14:20:40,1,1.51,-73.972122192382813,40.759029388427734,1,N,-73.990936279296875,40.7557373046875,1,13,0,0.5,2.6,0,0.3,16.4
2,2015-01-15 14:00:42,2015-01-15 14:05:16,2,.85,-73.980567932128906,40.765651702880859,1,N,-73.973045349121094,40.758270263671875,2,5.5,0,0.5,0,0,0.3,6.3
2,2015-01-15 14:00:43,2015-01-15 14:58:40,1,15.20,-73.801261901855469,40.667728424072266,2,N,-73.993354797363281,40.756000518798828,1,52,0,0.5,14.33,5.33,0.3,72.46
2,2015-01-15 14:00:43,2015-01-15 14:41:50,3,9.96,-73.990959167480469,40.745342254638672,1,N,-73.973602294921875,40.632480621337891,2,35.5,0,0.5,0,0,0.3,36.3
2,2015-01-15 14:00:44,2015-01-15 14:04:55,1,.76,-73.963516235351563,40.771560668945313,1,N,-73.952987670898437,40.7724609375,1,5,0,0.5,1,0,0.3,6.8
2,2015-01-15 14:00:44,2015-01-15 14:04:06,1,.38,-73.991386413574219,40.770168304443359,1,N,-73.989784240722656,40.774738311767578,2,4,0,0.5,0,0,0.3,4.8
2,2015-01-15 14:00:45,2015-01-15 14:05:40,2,.63,-73.954269409179688,40.778270721435547,1,N,-73.956275939941406,40.784046173095703,1,5,0,0.5,1,0,0.3,6.8
2,2015-01-15 14:00:45,2015-01-15 14:39:09,1,12.63,-73.788528442382813,40.647785186767578,1,N,-73.977882385253906,40.689640045166016,1,40,0,0.5,12,0,0.3,52.8
2,2015-01-15 14:00:45,2015-01-15 14:10:24,1,1.20,-73.994003295898437,40.751350402832031,1,N,-73.981353759765625,40.761123657226563,2,8.5,0,0.5,0,0,0.3,9.3
2,2015-01-15 14:00:45,2015-01-15 14:16:31,2,1.18,-74.006416320800781,40.739654541015625,1,N,-73.989913940429687,40.738395690917969,1,10.5,0,0.5,2.1,0,0.3,13.4
2,2015-01-15 14:00:45,2015-01-15 14:47:12,1,10.89,-74.00640869140625,40.739765167236328,1,N,-73.871192932128906,40.774211883544922,1,40.5,0,0.5,9.17,5.33,0.3,55.8
2,2015-01-15 14:00:46,2015-01-15 14:41:54,6,10.39,-73.993095397949219,40.747257232666016,1,N,-73.864830017089844,40.770320892333984,1,38,0,0.5,10.83,5.33,0.3,54.96
2,2015-01-15 14:00:46,2015-01-15 14:33:02,5,2.96,-73.962730407714844,40.774169921875,1,N,-73.993331909179687,40.749870300292969,2,20.5,0,0.5,0,0,0.3,21.3
2,2015-01-15 14:00:46,2015-01-15 14:10:09,1,1.18,-73.982559204101563,40.773200988769531,1,N,-73.964126586914062,40.76470947265625,1,8,0,0.5,1.6,0,0.3,10.4
2,2015-01-15 14:00:46,2015-01-15 14:14:51,1,1.62,-73.976181030273438,40.751205444335938,1,N,-73.986373901367188,40.766586303710937,1,10.5,0,0.5,2.1,0,0.3,13.4
2,2015-01-15 14:00:47,2015-01-15 14:16:01,1,1.56,-73.959274291992188,40.774375915527344,1,N,-73.976394653320313,40.762939453125,2,10.5,0,0.5,0,0,0.3,11.3
2,2015-01-15 14:00:47,2015-01-15 14:23:36,5,4.96,-73.972862243652344,40.743522644042969,1,N,-73.91412353515625,40.764968872070313,2,19,0,0.5,0,0,0.3,19.8
1,2015-01-26 12:41:08,2015-01-26 12:48:47,2,1.00,-73.966636657714844,40.804656982421875,1,N,-73.95440673828125,40.808372497558594,1,7,0,0.5,1.55,0,0.3,9.35
1,2015-01-26 12:41:09,2015-01-26 12:55:10,1,4.30,-73.966644287109375,40.804416656494141,1,N,-73.991127014160156,40.761070251464844,2,15.5,0,0.5,0,0,0.3,16.3
1,2015-01-26 12:41:09,2015-01-26 12:45:08,1,.50,-73.982810974121094,40.745254516601563,1,N,-73.98004150390625,40.7520751953125,2,4.5,0,0.5,0,0,0.3,5.3
1,2015-01-26 12:41:09,2015-01-26 12:45:39,1,.80,-73.991493225097656,40.738937377929688,1,N,-73.988594055175781,40.730510711669922,2,5,0,0.5,0,0,0.3,5.8
1,2015-01-26 12:41:10,2015-01-26 13:05:04,1,1.10,-73.982391357421875,40.757408142089844,1,N,-73.968620300292969,40.761520385742187,1,14.5,0,0.5,3.05,0,0.3,18.35
1,2015-01-26 12:41:10,2015-01-26 13:00:55,1,2.90,-73.973075866699219,40.780361175537109,1,N,-73.986259460449219,40.74664306640625,2,14,0,0.5,0,0,0.3,14.8
1,2015-01-26 12:41:11,2015-01-26 12:44:41,1,.30,-73.971817016601563,40.756900787353516,1,N,-73.97454833984375,40.751735687255859,2,4,0,0.5,0,0,0.3,4.8
1,2015-01-26 12:41:12,2015-01-26 12:59:47,1,3.50,-73.973472595214844,40.743923187255859,1,N,-73.982017517089844,40.779735565185547,1,15,0,0.5,3.15,0,0.3,18.95
1,2015-01-26 12:41:12,2015-01-26 12:49:49,1,1.20,-74.012680053710937,40.706836700439453,1,N,-74.016044616699219,40.714859008789063,2,8,0,0.5,0,0,0.3,8.8
1,2015-01-26 12:41:13,2015-01-26 12:51:16,1,1.30,-73.976394653320313,40.748401641845703,1,N,-73.994049072265625,40.746162414550781,1,8,0,0.5,1,0,0.3,9.8
1,2015-01-26 12:41:14,2015-01-26 12:52:40,1,1.90,-73.989250183105469,40.741985321044922,1,N,-74.002586364746094,40.760768890380859,1,10,0,0.5,2.7,0,0.3,13.5
1,2015-01-26 12:41:14,2015-01-26 12:48:18,1,1.00,-73.987350463867188,40.749446868896484,1,N,-74.004074096679688,40.755832672119141,1,6.5,0,0.5,1.46,0,0.3,8.76
1,2015-01-26 12:41:15,2015-01-26 12:59:22,1,8.10,-73.863845825195313,40.769794464111328,1,N,-73.962272644042969,40.711654663085937,1,24.5,0,0.5,5.05,0,0.3,30.35
1,2015-01-26 12:41:15,2015-01-26 12:46:18,1,1.00,-73.969284057617187,40.761135101318359,1,N,-73.9725341796875,40.749546051025391,2,5.5,0,0.5,0,0,0.3,6.3
1,2015-01-26 12:41:15,2015-01-26 12:47:11,2,1.60,-74.007255554199219,40.728683471679688,1,N,-73.99505615234375,40.750003814697266,1,7,0,0.5,1.95,0,0.3,9.75
1,2015-01-26 12:41:16,2015-01-26 12:54:54,1,1.60,-73.981201171875,40.733184814453125,1,N,-73.978553771972656,40.748088836669922,1,10,0,0.5,1,0,0.3,11.8
1,2015-01-26 12:41:17,2015-01-26 13:00:18,1,3.20,-73.992294311523438,40.753837585449219,1,N,-73.996299743652344,40.740497589111328,1,14.5,0,0.5,3.05,0,0.3,18.35
1,2015-01-26 12:41:18,2015-01-26 12:46:41,1,1.00,-73.967483520507813,40.766010284423828,1,N,-73.960952758789063,40.777950286865234,1,6,0,0.5,1,0,0.3,7.8
1,2015-01-26 12:41:19,2015-01-26 12:56:36,1,2.20,-73.957595825195313,40.774528503417969,1,N,-73.984588623046875,40.769756317138672,2,12,0,0.5,0,0,0.3,12.8
1,2015-01-26 12:41:20,2015-01-26 12:47:38,1,.70,-73.952323913574219,40.777046203613281,1,N,-73.962356567382813,40.777336120605469,2,6,0,0.5,0,0,0.3,6.8
1,2015-01-26 12:41:21,2015-01-26 13:07:25,1,4.20,-73.986282348632812,40.746837615966797,1,N,-73.944664001464844,40.795005798339844,2,19.5,0,0.5,0,0,0.3,20.3
1,2015-01-26 12:41:21,2015-01-26 13:03:26,2,16.30,-73.998390197753906,40.761680603027344,3,N,-74.177238464355469,40.695041656494141,1,60.5,0,0,15.3,15.75,0.3,91.85
2,2015-01-07 14:58:06,2015-01-07 15:23:00,1,3.12,-73.968963623046875,40.764144897460937,1,N,-73.992996215820313,40.727001190185547,1,17,0,0.5,2.22,0,0.3,20.02
1,2015-01-15 10:26:13,2015-01-15 10:30:49,1,.80,-73.972236633300781,40.745594024658203,1,N,-73.964668273925781,40.756019592285156,1,5.5,0,0.5,1,0,0.3,7.3
1,2015-01-15 10:26:14,2015-01-15 10:42:16,1,1.90,-73.949485778808594,40.772071838378906,1,N,-73.970726013183594,40.758392333984375,2,12.5,0,0.5,0,0,0.3,13.3
1,2015-01-15 10:26:14,2015-01-15 10:51:03,1,2.60,-73.961761474609375,40.764270782470703,1,N,-73.989219665527344,40.7420654296875,1,16,0,0.5,3.35,0,0.3,20.15
1,2015-01-15 10:26:14,2015-01-15 10:38:13,1,.80,-73.993438720703125,40.742000579833984,1,N,-73.987449645996094,40.752021789550781,1,8.5,0,0.5,1.85,0,0.3,11.15
1,2015-01-15 10:26:14,2015-01-15 10:49:00,2,6.80,-73.972976684570313,40.761135101318359,1,N,-74.009712219238281,40.709564208984375,1,23,0,0.5,4.5,0,0.3,28.3
1,2015-01-15 10:26:15,2015-01-15 10:34:40,1,1.30,-73.947639465332031,40.775142669677734,1,N,-73.960693359375,40.760807037353516,1,7.5,0,0.5,1,0,0.3,9.3
1,2015-01-15 10:26:15,2015-01-15 10:35:33,1,.70,-73.98516845703125,40.751213073730469,1,N,-73.979515075683594,40.761886596679688,2,7.5,0,0.5,0,0,0.3,8.3
1,2015-01-15 10:26:15,2015-01-15 10:33:37,1,.30,-73.983871459960937,40.742454528808594,1,N,-73.9873046875,40.744060516357422,2,6,0,0.5,0,0,0.3,6.8
1,2015-01-15 10:26:15,2015-01-15 10:36:03,1,1.40,-73.968154907226562,40.762359619140625,1,N,-73.981643676757813,40.7470703125,1,8,0,0.5,1.2,0,0.3,10
1,2015-01-15 10:26:16,2015-01-15 10:32:04,1,1.20,-74.005546569824219,40.726776123046875,1,N,-74.013481140136719,40.713657379150391,1,6.5,0,0.5,1.45,0,0.3,8.75
1,2015-01-15 10:26:16,2015-01-15 11:08:10,2,12.60,-73.862739562988281,40.768844604492188,1,N,-73.98956298828125,40.758838653564453,2,40,0,0.5,0,5.33,0.3,46.13
1,2015-01-15 10:26:16,2015-01-15 10:26:42,2,.00,-73.987655639648438,40.743644714355469,5,N,-73.98748779296875,40.743484497070313,1,60,0,0,15,0,0.3,75.3
1,2015-01-15 10:26:17,2015-01-15 10:27:28,1,.00,-73.946525573730469,40.744991302490234,1,N,-73.946525573730469,40.744991302490234,2,3,0,0.5,0,0,0.3,3.8
2,2015-01-07 14:58:07,2015-01-07 15:05:03,1,1.08,-73.988105773925781,40.769050598144531,1,N,-73.981513977050781,40.759346008300781,1,6.5,0,0.5,1.62,0,0.3,8.92
2,2015-01-07 14:58:07,2015-01-07 15:10:17,2,1.58,-73.981956481933594,40.769260406494141,1,N,-73.973464965820313,40.789775848388672,1,9.5,0,0.5,1,0,0.3,11.3
2,2015-01-07 14:58:07,2015-01-07 15:04:51,1,.96,-73.965858459472656,40.790523529052734,1,N,-73.953239440917969,40.785488128662109,1,6.5,0,0.5,1.95,0,0.3,9.25
2,2015-01-07 14:58:08,2015-01-07 15:02:05,1,.77,-73.99652099609375,40.725681304931641,1,N,-73.989036560058594,40.730686187744141,1,5,0,0.5,1,0,0.3,6.8
2,2015-01-07 14:58:08,2015-01-07 15:06:36,1,.98,-73.948692321777344,40.777782440185547,1,N,-73.955284118652344,40.786869049072266,1,7,0,0.5,1.4,0,0.3,9.2
2,2015-01-07 14:58:08,2015-01-07 15:02:37,2,.79,-73.960136413574219,40.656997680664062,1,N,-73.946861267089844,40.657154083251953,2,5,0,0.5,0,0,0.3,5.8
2,2015-01-07 14:58:09,2015-01-07 15:12:55,3,4.39,-73.988662719726563,40.722705841064453,1,N,-73.987220764160156,40.694408416748047,2,15.5,0,0.5,0,0,0.3,16.3
2,2015-01-07 14:58:10,2015-01-07 15:24:07,1,3.37,-73.964103698730469,40.767852783203125,1,N,-73.994270324707031,40.745235443115234,1,18,0,0.5,3.6,0,0.3,22.4
2,2015-01-07 14:58:10,2015-01-07 15:16:03,1,1.53,-73.953178405761719,40.782730102539063,1,N,-73.953292846679688,40.766532897949219,1,12,0,0.5,2.4,0,0.3,15.2
2,2015-01-07 14:58:10,2015-01-07 15:16:36,6,11.40,-73.782150268554688,40.644710540771484,1,N,-73.862869262695312,40.767158508300781,1,31.5,0,0.5,6.3,0,0.3,38.6
2,2015-01-07 14:58:11,2015-01-07 15:07:44,2,1.46,-73.982131958007813,40.768390655517578,1,N,-73.991981506347656,40.74945068359375,2,8,0,0.5,0,0,0.3,8.8
2,2015-01-07 14:58:11,2015-01-07 15:06:51,1,1.25,-73.985115051269531,40.759376525878906,1,N,-73.993560791015625,40.751453399658203,2,7.5,0,0.5,0,0,0.3,8.3
2,2015-01-07 14:58:11,2015-01-07 15:03:10,2,1.30,-74.010467529296875,40.718830108642578,1,N,-74.007598876953125,40.734298706054687,2,6.5,0,0.5,0,0,0.3,7.3
2,2015-01-07 14:58:11,2015-01-07 15:00:50,2,.69,-73.951019287109375,40.783123016357422,1,N,-73.943733215332031,40.787845611572266,1,4,0,0.5,0.8,0,0.3,5.6
2,2015-01-07 14:58:12,2015-01-07 15:04:45,2,.96,-74.004608154296875,40.741523742675781,1,N,-73.991439819335938,40.736686706542969,2,6.5,0,0.5,0,0,0.3,7.3
2,2015-01-07 14:58:12,2015-01-07 15:14:02,2,2.05,-73.993598937988281,40.749931335449219,1,N,-73.984481811523438,40.735378265380859,1,12,0,0.5,3.6,0,0.3,16.4
2,2015-01-07 14:58:13,2015-01-07 15:03:08,1,.72,-73.965293884277344,40.763324737548828,1,N,-73.957008361816406,40.768165588378906,1,5.5,0,0.5,0.6,0,0.3,6.9
2,2015-01-07 14:58:14,2015-01-07 15:11:26,1,2.32,-73.957916259765625,40.785057067871094,1,N,-73.984275817871094,40.770130157470703,2,11,0,0.5,0,0,0.3,11.8
2,2015-01-07 14:58:14,2015-01-07 15:25:01,1,3.40,-73.973869323730469,40.791641235351563,1,N,-73.945518493652344,40.818031311035156,2,17.5,0,0.5,0,0,0.3,18.3
2,2015-01-07 14:58:14,2015-01-07 15:06:56,1,1.56,-73.960906982421875,40.761161804199219,1,N,-73.945228576660156,40.774219512939453,1,8,0,0.5,0.7,0,0.3,9.5
1,2015-01-15 09:46:59,2015-01-15 09:57:44,1,3.10,-74.011383056640625,40.713489532470703,1,N,-73.99554443359375,40.749229431152344,2,11.5,0,0.5,0,0,0.3,12.3
1,2015-01-15 09:46:59,2015-01-15 09:56:44,1,.80,-73.997016906738281,40.742321014404297,1,N,-73.987701416015625,40.735404968261719,1,7.5,0,0.5,1,0,0.3,9.3
1,2015-01-15 09:46:59,2015-01-15 10:27:34,1,9.50,-73.872970581054687,40.774032592773438,1,N,-74.000106811523438,40.719337463378906,2,34,0,0.5,0,0,0.3,34.8
1,2015-01-15 09:47:00,2015-01-15 10:00:07,1,1.00,0,0,1,N,0,0,2,10,0,0.5,0,0,0.3,10.8
1,2015-01-15 09:47:00,2015-01-15 09:50:43,1,.40,-74.002212524414063,40.7294921875,1,N,-73.996910095214844,40.725143432617187,1,4.5,0,0.5,1,0,0.3,6.3
1,2015-01-15 09:47:02,2015-01-15 10:17:47,3,8.30,0,0,1,N,0,0,1,27.5,0,0.5,10,5.33,0.3,43.63
1,2015-01-15 09:47:02,2015-01-15 10:01:48,1,1.10,-73.965736389160156,40.795421600341797,1,N,-73.952629089355469,40.789344787597656,2,10,0,0.5,0,0,0.3,10.8
1,2015-01-15 09:47:02,2015-01-15 10:14:12,2,2.20,-74.0069580078125,40.730003356933594,1,N,-73.985618591308594,40.752880096435547,1,16.5,0,0.5,3.46,0,0.3,20.76
1,2015-01-15 09:47:03,2015-01-15 09:57:10,1,.70,-73.975517272949219,40.754280090332031,1,N,-73.978530883789063,40.761558532714844,2,7.5,0,0.5,0,0,0.3,8.3
1,2015-01-15 09:47:03,2015-01-15 09:53:04,3,.80,-73.947372436523438,40.776039123535156,1,N,-73.957542419433594,40.772670745849609,1,6,0,0.5,1.36,0,0.3,8.16
1,2015-01-15 09:47:03,2015-01-15 09:51:15,1,1.10,-73.962310791015625,40.758846282958984,1,N,-73.951820373535156,40.773460388183594,1,5.5,0,0.5,1.26,0,0.3,7.56
1,2015-01-15 09:47:04,2015-01-15 10:02:36,1,1.40,-73.988746643066406,40.755027770996094,1,N,-73.990005493164062,40.738723754882813,1,10.5,0,0.5,2.25,0,0.3,13.55
1,2015-01-15 09:47:04,2015-01-15 10:00:56,2,1.60,-73.982566833496094,40.735515594482422,1,N,-73.991096496582031,40.748889923095703,1,10,0,0.5,2.15,0,0.3,12.95
1,2015-01-15 09:47:05,2015-01-15 09:52:25,1,.60,-73.99432373046875,40.750331878662109,1,N,-74.002395629882813,40.748668670654297,1,5.5,0,0.5,1.25,0,0.3,7.55
1,2015-01-15 09:47:05,2015-01-15 09:53:18,1,.70,-73.963134765625,40.77178955078125,1,N,-73.95404052734375,40.767024993896484,2,5.5,0,0.5,0,0,0.3,6.3
1,2015-01-15 09:47:05,2015-01-15 09:48:54,1,.50,-73.962005615234375,40.759590148925781,1,N,-73.956832885742188,40.764900207519531,1,3.5,0,0.5,1,0,0,5
1,2015-01-15 09:47:05,2015-01-15 09:51:23,1,.90,-73.970657348632813,40.783412933349609,1,N,-73.9588623046875,40.78094482421875,1,5.5,0,0.5,1,0,0.3,7.3
1,2015-01-15 09:47:06,2015-01-15 09:55:23,1,1.60,-73.966468811035156,40.792381286621094,1,N,-73.958686828613281,40.775772094726563,2,8,0,0.5,0,0,0.3,8.8
1,2015-01-15 09:47:06,2015-01-15 10:01:35,2,6.90,-73.989913940429687,40.756923675537109,1,N,-73.946617126464844,40.836292266845703,1,21,0,0.5,6.5,0,0.3,28.3
1,2015-01-15 09:47:07,2015-01-15 09:55:25,1,.70,-73.985206604003906,40.741630554199219,1,N,-73.978828430175781,40.750576019287109,1,7,0,0.5,2.3,0,0.3,10.1
1,2015-01-15 09:47:07,2015-01-15 10:08:50,1,2.90,-73.974151611328125,40.783950805664063,1,N,-73.978347778320312,40.751575469970703,2,15,0,0.5,0,0,0.3,15.8
1,2015-01-15 09:47:07,2015-01-15 09:54:05,1,1.00,0,0,1,N,-73.998809814453125,40.741428375244141,2,6,0,0.5,0,0,0.3,6.8
1,2015-01-15 09:47:07,2015-01-15 09:56:05,1,1.60,-73.979240417480469,40.771564483642578,1,N,-73.962150573730469,40.778072357177734,2,8.5,0,0.5,0,0,0.3,9.3
1,2015-01-20 22:49:09,2015-01-20 23:12:38,1,6.40,-73.988655090332031,40.736991882324219,1,N,-73.951667785644531,40.673545837402344,1,22,0.5,0.5,4,0,0.3,27.3
1,2015-01-20 22:49:09,2015-01-20 22:57:07,1,2.00,-73.981033325195313,40.763687133789063,1,N,-73.969497680664063,40.787876129150391,2,8.5,0.5,0.5,0,0,0.3,9.8
1,2015-01-20 22:49:10,2015-01-20 23:01:46,3,2.40,-73.991706848144531,40.726215362548828,1,N,-73.993354797363281,40.751899719238281,2,11,0.5,0.5,0,0,0.3,12.3
1,2015-01-20 22:49:10,2015-01-20 23:02:20,1,2.60,-73.987091064453125,40.759456634521484,1,N,-74.004653930664062,40.725181579589844,1,12,0.5,0.5,1.5,0,0.3,14.8
1,2015-01-20 22:49:11,2015-01-20 22:59:36,2,1.30,-73.984245300292969,40.764690399169922,1,N,-73.962348937988281,40.755359649658203,1,8,0.5,0.5,1.85,0,0.3,11.15
1,2015-01-20 22:49:11,2015-01-20 23:16:03,1,16.30,-73.789176940917969,40.641819000244141,1,Y,-73.962471008300781,40.719860076904297,1,45,0.5,0.5,11.57,0,0.3,57.87
1,2015-01-20 22:49:11,2015-01-20 23:00:44,1,2.30,-73.950057983398438,40.771930694580078,1,N,-73.977668762207031,40.763362884521484,2,10.5,0.5,0.5,0,0,0.3,11.8
1,2015-01-20 22:49:11,2015-01-20 22:58:46,1,3.50,-73.987892150878906,40.718551635742188,1,N,-73.947700500488281,40.724037170410156,1,12.5,0.5,0.5,2,0,0.3,15.8
1,2015-01-20 22:49:11,2015-01-20 22:58:29,1,2.70,-73.978721618652344,40.751117706298828,1,N,-73.950775146484375,40.777801513671875,1,10,0.5,0.5,2.25,0,0.3,13.55
1,2015-01-20 22:49:11,2015-01-20 22:53:12,1,.80,-73.967613220214844,40.7659912109375,1,N,-73.958717346191406,40.775653839111328,1,5.5,0.5,0.5,1,0,0.3,7.8
1,2015-01-20 22:49:11,2015-01-20 23:07:20,1,3.70,-73.957626342773438,40.708332061767578,1,N,-74.000625610351563,40.681495666503906,1,15.5,0.5,0.5,1,0,0.3,17.8
1,2015-01-20 22:49:11,2015-01-20 23:11:58,2,6.40,-73.985061645507813,40.723945617675781,1,N,-73.961090087890625,40.650463104248047,1,22,0.5,0.5,5.8,0,0.3,29.1
1,2015-01-20 22:49:12,2015-01-20 22:54:54,1,1.10,-73.997695922851562,40.737819671630859,1,N,-73.982963562011719,40.738815307617188,1,6,0.5,0.5,1,0,0.3,8.3
1,2015-01-20 22:49:12,2015-01-20 22:54:48,1,.90,-73.98553466796875,40.738582611083984,1,N,-73.97918701171875,40.750125885009766,1,6.5,0.5,0.5,1.55,0,0.3,9.35
1,2015-01-20 22:49:12,2015-01-20 23:05:18,1,5.60,-74.006156921386719,40.706207275390625,1,N,-73.944923400878906,40.680942535400391,1,18,0.5,0.5,3.85,0,0.3,23.15
1,2015-01-20 22:49:12,2015-01-20 22:57:35,1,2.20,-74.006752014160156,40.743820190429688,1,N,-73.981689453125,40.761150360107422,1,9,0.5,0.5,2.57,0,0.3,12.87
1,2015-01-20 22:49:13,2015-01-20 22:57:16,1,1.00,-73.984611511230469,40.759044647216797,1,N,-73.97784423828125,40.754261016845703,1,7,0.5,0.5,1.65,0,0.3,9.95
1,2015-01-20 22:49:13,2015-01-20 23:08:12,2,3.50,-74.00213623046875,40.737087249755859,1,N,-73.958122253417969,40.710445404052734,1,16,0.5,0.5,3.46,0,0.3,20.76
1,2015-01-20 22:49:14,2015-01-20 22:56:46,1,2.30,-73.948127746582031,40.782905578613281,1,N,-73.970390319824219,40.75787353515625,1,9,0.5,0.5,1,0,0.3,11.3
1,2015-01-20 22:49:14,2015-01-20 23:14:16,1,6.40,-73.982963562011719,40.775791168212891,1,N,-73.889488220214844,40.740097045898438,2,23,0.5,0.5,0,0,0.3,24.3
1,2015-01-20 22:49:14,2015-01-20 22:53:43,1,.80,-73.997459411621094,40.741722106933594,1,N,-74.008682250976562,40.738151550292969,1,5,0.5,0.5,1.26,0,0.3,7.56
1,2015-01-20 22:49:14,2015-01-20 22:56:49,1,1.70,-73.961563110351562,40.714286804199219,1,N,-73.952301025390625,40.694343566894531,2,7.5,0.5,0.5,0,0,0.3,8.8
1,2015-01-26 13:04:14,2015-01-26 13:10:11,1,.90,-73.994857788085938,40.734420776367188,1,N,-73.985008239746094,40.7259521484375,1,6,0,0.5,1.35,0,0.3,8.15
1,2015-01-26 13:04:15,2015-01-26 13:24:05,1,3.50,-74.016899108886719,40.706195831298828,1,N,-73.994926452636719,40.736282348632813,1,16,0,0.5,4.2,0,0.3,21
1,2015-01-26 13:04:15,2015-01-26 13:40:37,1,5.70,-73.975318908691406,40.755203247070313,1,N,-73.904121398925781,40.771465301513672,1,25,0,0.5,5.16,0,0.3,30.96
1,2015-01-26 13:04:15,2015-01-26 13:19:39,1,2.00,-73.997802734375,40.730255126953125,1,N,-73.977066040039063,40.747112274169922,2,11.5,0,0.5,0,0,0.3,12.3
1,2015-01-26 13:04:16,2015-01-26 13:25:12,1,3.20,-73.970268249511719,40.758831024169922,1,N,-73.973533630371094,40.792110443115234,2,16,0,0.5,0,0,0.3,16.8
1,2015-01-26 13:04:16,2015-01-26 13:09:47,1,.60,-73.95782470703125,40.761306762695313,1,N,-73.966506958007812,40.760147094726563,2,5.5,0,0.5,0,0,0.3,6.3
1,2015-01-26 13:04:17,2015-01-26 13:06:58,1,.60,-73.952476501464844,40.786331176757813,1,N,-73.955924987792969,40.778877258300781,1,4,0,0.5,0.95,0,0.3,5.75
1,2015-01-26 13:04:18,2015-01-26 13:15:21,1,2.10,-73.944442749023438,40.741561889648438,1,N,-73.931106567382813,40.764934539794922,1,9.5,0,0.5,1,0,0.3,11.3
1,2015-01-26 13:04:18,2015-01-26 13:09:25,1,1.10,-73.998497009277344,40.764072418212891,1,N,-73.986053466796875,40.769092559814453,2,6,0,0.5,0,0,0.3,6.8
1,2015-01-26 13:04:19,2015-01-26 13:09:05,1,.80,-73.958900451660156,40.774856567382813,1,N,-73.955848693847656,40.782260894775391,1,5,0,0.5,1.15,0,0.3,6.95
1,2015-01-26 13:04:19,2015-01-26 13:18:32,1,1.80,-74.003265380859375,40.747604370117187,1,N,-73.983085632324219,40.731655120849609,2,10.5,0,0.5,0,0,0.3,11.3
1,2015-01-26 13:04:19,2015-01-26 13:11:52,1,1.40,-73.980728149414063,40.782585144042969,1,N,-73.967826843261719,40.802040100097656,1,7.5,0,0.5,1.65,0,0.3,9.95
1,2015-01-26 13:04:20,2015-01-26 13:13:51,1,1.50,-74.005455017089844,40.738880157470703,1,N,-74.010169982910156,40.719772338867188,1,8,0,0.5,2.6,0,0.3,11.4
1,2015-01-26 13:04:20,2015-01-26 13:13:34,1,1.60,-74.00994873046875,40.721454620361328,1,N,-73.993843078613281,40.736049652099609,1,8,0,0.5,1.75,0,0.3,10.55
1,2015-01-26 13:04:20,2015-01-26 13:19:25,2,1.80,-73.980445861816406,40.761459350585938,1,N,-73.99884033203125,40.744667053222656,1,11,0,0.5,2.35,0,0.3,14.15
1,2015-01-26 13:04:21,2015-01-26 13:35:19,1,4.90,-73.982688903808594,40.762031555175781,1,N,-74.017181396484375,40.70538330078125,1,21,0,0.5,3,0,0.3,24.8
1,2015-01-26 13:04:21,2015-01-26 13:07:10,1,.70,-73.962677001953125,40.799201965332031,1,N,-73.954925537109375,40.805919647216797,2,4.5,0,0.5,0,0,0.3,5.3
1,2015-01-26 13:04:22,2015-01-26 13:12:13,1,1.20,-73.972854614257813,40.762710571289063,1,N,-73.9627685546875,40.774986267089844,1,7.5,0,0.5,2.05,0,0.3,10.35
1,2015-01-26 13:04:22,2015-01-26 13:11:32,1,.80,-73.977699279785156,40.759174346923828,1,N,-73.982955932617188,40.762794494628906,3,6,0,0.5,0,0,0.3,6.8
1,2015-01-26 13:04:23,2015-01-26 13:06:27,1,.70,-73.967323303222656,40.793140411376953,1,N,-73.971908569335938,40.784576416015625,1,4,0,0.5,0.96,0,0.3,5.76
1,2015-01-26 13:04:24,2015-01-26 13:12:06,1,.80,-73.976486206054688,40.735919952392578,1,N,-73.978584289550781,40.7412109375,1,6.5,0,0.5,1.45,0,0.3,8.75
1,2015-01-26 13:04:24,2015-01-26 13:10:50,1,1.10,-73.956741333007813,40.786514282226562,1,N,-73.958992004394531,40.774085998535156,1,6.5,0,0.5,1.45,0,0.3,8.75
1,2015-01-20 23:08:11,2015-01-20 23:23:57,1,4.70,-74.007095336914063,40.743583679199219,1,N,-73.9525146484375,40.778129577636719,1,15.5,0.5,0.5,2,0,0.3,18.8
1,2015-01-20 23:08:11,2015-01-20 23:12:34,1,1.00,-73.989265441894531,40.768474578857422,1,N,-73.979362487792969,40.776912689208984,2,6,0.5,0.5,0,0,0.3,7.3
1,2015-01-20 23:08:11,2015-01-20 23:34:45,3,3.70,-73.995025634765625,40.739631652832031,1,N,-73.976211547851563,40.775852203369141,2,19.5,0.5,0.5,0,0,0.3,20.8
1,2015-01-20 23:08:11,2015-01-20 23:17:09,1,1.50,-74.006240844726563,40.734188079833984,1,N,-73.986717224121094,40.732212066650391,1,8.5,0.5,0.5,1,0,0.3,10.8
1,2015-01-20 23:08:12,2015-01-20 23:12:16,1,.50,-73.956321716308594,40.747409820556641,1,N,-73.951034545898438,40.745121002197266,1,4.5,0.5,0.5,1.15,0,0.3,6.95
1,2015-01-20 23:08:12,2015-01-20 23:15:27,2,1.50,-73.987632751464844,40.738250732421875,1,N,-73.970108032226563,40.750896453857422,1,7.5,0.5,0.5,1.76,0,0.3,10.56
1,2015-01-20 23:08:12,2015-01-20 23:12:16,1,1.20,-74.002967834472656,40.727931976318359,1,N,-73.992164611816406,40.743488311767578,1,5.5,0.5,0.5,1.35,0,0.3,8.15
1,2015-01-20 23:08:12,2015-01-20 23:35:47,1,11.80,-73.999320983886719,40.754421234130859,1,N,-73.840476989746094,40.721820831298828,1,35,0.5,0.5,10.85,0,0.3,47.15
1,2015-01-20 23:08:13,2015-01-20 23:12:51,1,.60,-73.949920654296875,40.716304779052734,1,N,-73.951065063476562,40.725685119628906,1,5,0.5,0.5,1.25,0,0.3,7.55
1,2015-01-20 23:08:13,2015-01-20 23:14:51,1,1.50,-73.987739562988281,40.769725799560547,1,N,-73.966300964355469,40.770580291748047,1,7.5,0.5,0.5,2.64,0,0.3,11.44
1,2015-01-20 23:08:13,2015-01-20 23:14:04,1,1.20,-74.008102416992188,40.712421417236328,1,N,-74.007865905761719,40.712413787841797,1,6.5,0.5,0.5,1,0,0.3,8.8
1,2015-01-20 23:08:14,2015-01-20 23:20:02,1,2.40,-73.985885620117187,40.760597229003906,1,N,-74.009178161621094,40.738666534423828,1,10.5,0.5,0.5,2,0,0.3,13.8
1,2015-01-20 23:08:14,2015-01-20 23:14:51,1,1.70,-74.009773254394531,40.70556640625,1,N,-73.985389709472656,40.714408874511719,1,7.5,0.5,0.5,1,0,0.3,9.8
1,2015-01-20 23:08:14,2015-01-20 23:33:40,1,4.90,-74.003402709960938,40.743598937988281,1,N,-73.96893310546875,40.709125518798828,1,20,0.5,0.5,2,0,0.3,23.3
1,2015-01-20 23:08:14,2015-01-20 23:16:11,1,1.30,-74.001564025878906,40.734485626220703,1,N,-73.979713439941406,40.730930328369141,1,7.5,0.5,0.5,1,0,0.3,9.8
1,2015-01-20 23:08:15,2015-01-20 23:21:42,1,3.80,-73.994674682617188,40.725009918212891,1,N,-73.956039428710937,40.741718292236328,1,14,0.5,0.5,4.1,5.33,0.3,24.73
1,2015-01-20 23:08:15,2015-01-20 23:18:10,1,2.30,-73.958000183105469,40.68157958984375,1,N,-73.922348022460938,40.672813415527344,2,9.5,0.5,0.5,0,0,0.3,10.8
1,2015-01-20 23:08:16,2015-01-20 23:18:56,1,2.30,-74.003280639648438,40.743671417236328,1,N,-74.006256103515625,40.715663909912109,2,10,0.5,0.5,0,0,0.3,11.3
1,2015-01-20 23:08:16,2015-01-20 23:23:56,1,3.90,-73.974998474121094,40.760280609130859,1,N,-74.008460998535156,40.711467742919922,1,15,0.5,0.5,3.25,0,0.3,19.55
1,2015-01-20 23:08:16,2015-01-20 23:13:26,1,1.30,-73.968925476074219,40.757747650146484,1,N,-73.95770263671875,40.774486541748047,1,6.5,0.5,0.5,1.95,0,0.3,9.75
1,2015-01-20 23:08:16,2015-01-20 23:35:12,1,20.10,-73.789566040039063,40.643505096435547,1,N,-74.022201538085937,40.617202758789063,2,54,0.5,0.5,0,0,0.3,55.3
1,2015-01-20 23:08:17,2015-01-20 23:22:36,1,3.00,-73.971504211425781,40.758235931396484,1,N,-74.003273010253906,40.735385894775391,1,12.5,0.5,0.5,2.75,0,0.3,16.55
1,2015-01-26 13:17:53,2015-01-26 13:47:37,2,5.00,-73.968635559082031,40.761493682861328,1,N,-73.884002685546875,40.757865905761719,2,21.5,0,0.5,0,0,0.3,22.3
1,2015-01-26 13:17:53,2015-01-26 13:21:53,1,.70,-73.982093811035156,40.764968872070313,1,N,-73.979804992675781,40.757617950439453,2,4.5,0,0.5,0,0,0.3,5.3
1,2015-01-26 13:17:53,2015-01-26 13:25:50,1,.80,-73.962974548339844,40.769306182861328,1,N,-73.973091125488281,40.764469146728516,1,6.5,0,0.5,1.45,0,0.3,8.75
1,2015-01-26 13:17:54,2015-01-26 13:28:47,1,2.10,-73.962364196777344,40.795154571533203,1,N,-73.938186645507812,40.809715270996094,1,9.5,0,0.5,2.06,0,0.3,12.36
1,2015-01-26 13:17:54,2015-01-26 13:54:00,1,7.50,-74.006317138671875,40.705745697021484,1,N,-73.974983215332031,40.792774200439453,1,28,0,0.5,5.75,0,0.3,34.55
1,2015-01-26 13:17:54,2015-01-26 13:26:55,1,1.70,-73.993484497070313,40.747135162353516,1,N,-73.995376586914063,40.762077331542969,2,8,0,0.5,0,0,0.3,8.8
1,2015-01-26 13:17:54,2015-01-26 13:25:11,1,.50,-73.963859558105469,40.768272399902344,1,N,-73.956039428710937,40.767860412597656,1,6,0,0.5,0,0,0.3,6.8
1,2015-01-26 13:17:55,2015-01-26 13:35:24,1,2.00,-73.992263793945313,40.689594268798828,1,N,-73.964584350585938,40.672084808349609,1,11.5,0,0.5,3.69,0,0.3,15.99
1,2015-01-26 13:17:55,2015-01-26 13:25:38,1,1.10,-73.989799499511719,40.757389068603516,1,N,-73.991676330566406,40.767730712890625,1,6.5,0,0.5,1,0,0.3,8.3
1,2015-01-26 13:17:55,2015-01-26 13:31:11,1,1.40,-73.997444152832031,40.740261077880859,1,N,-73.990791320800781,40.755916595458984,1,9.5,0,0.5,3.05,0,0.3,13.35
1,2015-01-26 13:17:56,2015-01-26 13:28:58,1,1.90,-73.963951110839844,40.807811737060547,1,N,-73.938568115234375,40.804893493652344,2,9,0,0.5,0,0,0.3,9.8
1,2015-01-26 13:17:56,2015-01-26 13:26:42,1,1.20,-73.974639892578125,40.759605407714844,1,N,-73.958747863769531,40.763877868652344,1,7.5,0,0.5,2,0,0.3,10.3
1,2015-01-26 13:17:56,2015-01-26 13:27:14,1,1.40,-73.965988159179688,40.762046813964844,1,N,-73.9527587890625,40.780792236328125,1,8,0,0.5,1.75,0,0.3,10.55
1,2015-01-26 13:17:57,2015-01-26 13:25:13,1,1.00,-73.978164672851562,40.752243041992188,1,N,-73.991043090820313,40.760540008544922,1,6.5,0,0.5,1.46,0,0.3,8.76
1,2015-01-26 13:17:57,2015-01-26 13:32:15,2,2.20,-73.954017639160156,40.798866271972656,1,N,-73.950820922851563,40.775646209716797,2,11,0,0.5,0,0,0.3,11.8
1,2015-01-26 13:17:57,2015-01-26 13:26:55,1,1.60,-73.9979248046875,40.751392364501953,1,N,-73.990303039550781,40.737285614013672,2,8,0,0.5,0,0,0.3,8.8
1,2015-01-26 13:17:58,2015-01-26 13:29:15,1,1.40,-73.981391906738281,40.758949279785156,1,N,-73.975143432617188,40.744346618652344,1,8.5,0,0.5,1.85,0,0.3,11.15
1,2015-01-26 13:17:58,2015-01-26 13:20:29,1,.50,-73.952568054199219,40.778461456298828,1,N,-73.948394775390625,40.773933410644531,1,4,0,0.5,1,0,0.3,5.8
1,2015-01-26 13:17:59,2015-01-26 13:34:33,1,3.40,-73.967674255371094,40.802436828613281,1,Y,-73.966232299804687,40.76617431640625,2,14,0,0.5,0,0,0.3,14.8
1,2015-01-26 13:18:00,2015-01-26 13:24:05,1,1.10,-74.007972717285156,40.723453521728516,1,N,-74.011009216308594,40.713260650634766,2,6,0,0.5,0,0,0.3,6.8
1,2015-01-26 13:18:00,2015-01-26 13:30:03,1,1.80,-73.972763061523438,40.780860900878906,1,N,-73.983673095703125,40.760337829589844,2,9.5,0,0.5,0,0,0.3,10.3
1,2015-01-26 13:18:01,2015-01-26 13:35:16,1,2.50,-73.996734619140625,40.747768402099609,1,N,-73.968559265136719,40.767581939697266,1,13,0,0.5,4,0,0.3,17.8
2,2015-01-18 19:49:26,2015-01-18 20:00:26,3,3.80,-73.981292724609375,40.733154296875,1,N,-74.005775451660156,40.709575653076172,1,13.5,0,0.5,1.15,0,0.3,15.45
2,2015-01-18 19:49:26,2015-01-18 19:57:02,1,.88,-73.987434387207031,40.738929748535156,1,N,-73.985298156738281,40.732025146484375,2,6.5,0,0.5,0,0,0.3,7.3
2,2015-01-18 19:49:26,2015-01-18 20:05:06,1,4.50,-73.974227905273438,40.731670379638672,1,N,-73.954795837402344,40.719501495361328,1,16,0,0.5,3.2,0,0.3,20
2,2015-01-18 19:49:26,2015-01-18 20:01:39,1,6.08,-74.004798889160156,40.706691741943359,1,N,-73.962173461914063,40.767597198486328,1,18.5,0,0.5,3.7,0,0.3,23
2,2015-01-18 19:49:26,2015-01-18 19:54:44,1,1.34,-73.961143493652344,40.760700225830078,1,N,-73.956794738769531,40.776290893554688,1,6.5,0,0.5,1.3,0,0.3,8.6
2,2015-01-18 19:49:27,2015-01-18 19:59:51,6,1.81,-73.993644714355469,40.742267608642578,1,N,-73.97503662109375,40.752548217773438,1,9,0,0.5,2.25,0,0.3,12.05
2,2015-01-18 19:49:27,2015-01-18 19:58:46,1,1.96,-73.992240905761719,40.748569488525391,1,N,-73.99212646484375,40.769611358642578,1,8.5,0,0.5,2.12,0,0.3,11.42
2,2015-01-18 19:49:27,2015-01-18 20:04:37,5,2.33,-73.993644714355469,40.752227783203125,1,N,-73.983604431152344,40.779438018798828,1,12,0,0.5,2.4,0,0.3,15.2
2,2015-01-18 19:49:28,2015-01-18 19:56:40,1,1.22,-73.981117248535156,40.747310638427734,1,N,-73.987602233886719,40.735649108886719,2,7,0,0.5,0,0,0.3,7.8
2,2015-01-18 19:49:28,2015-01-18 20:19:36,1,18.36,-73.915321350097656,40.760505676269531,1,N,-73.680809020996094,40.730873107910156,1,49.5,0,0.5,9.9,0,0.3,60.2
2,2015-01-18 19:49:29,2015-01-18 20:10:39,1,5.24,-73.993118286132812,40.752197265625,1,N,-73.947128295898438,40.764713287353516,1,19,0,0.5,3.8,0,0.3,23.6
2,2015-01-18 19:49:29,2015-01-18 20:06:54,6,3.54,-74.004905700683594,40.728782653808594,1,N,-73.955833435058594,40.715625762939453,1,15,0,0.5,3,0,0.3,18.8
2,2015-01-18 19:49:29,2015-01-18 20:00:50,5,1.85,-73.972007751464844,40.762680053710937,1,N,-73.985847473144531,40.760528564453125,2,9.5,0,0.5,0,0,0.3,10.3
2,2015-01-18 19:49:29,2015-01-18 19:52:49,1,.60,-73.992828369140625,40.73162841796875,1,N,-74.002838134765625,40.733982086181641,1,4.5,0.5,0.5,1,0,0.3,6.8
2,2015-01-18 19:49:30,2015-01-18 19:56:44,6,1.26,-73.991348266601563,40.751129150390625,1,N,-73.973098754882812,40.749210357666016,2,7,0,0.5,0,0,0.3,7.8
2,2015-01-18 19:49:31,2015-01-18 20:01:51,2,2.47,-73.978546142578125,40.745048522949219,1,N,-73.984390258789063,40.769767761230469,1,11,0,0.5,3.3,0,0.3,15.1
2,2015-01-18 19:49:31,2015-01-18 20:08:02,6,4.00,-73.971046447753906,40.783161163330078,1,N,-73.988327026367188,40.737285614013672,1,16,0,0.5,3.2,0,0.3,20
2,2015-01-18 19:49:31,2015-01-18 20:06:06,1,4.97,-73.9671630859375,40.803470611572266,1,N,-73.985633850097656,40.755138397216797,1,18,0,0.5,3.6,0,0.3,22.4
2,2015-01-18 19:49:31,2015-01-18 19:59:48,1,1.62,-73.996261596679687,40.721736907958984,1,N,-73.994888305664063,40.740253448486328,1,8.5,0,0.5,0.7,0,0.3,10
2,2015-01-18 19:49:31,2015-01-18 20:03:55,5,3.12,-73.991752624511719,40.726448059082031,1,N,-73.948379516601563,40.712669372558594,1,13.5,0,0.5,2.7,0,0.3,17
2,2015-01-18 19:49:32,2015-01-18 19:57:37,1,2.04,-74.003173828125,40.733058929443359,1,N,-74.008262634277344,40.707927703857422,1,8.5,0,0.5,0.7,0,0.3,10
2,2015-01-06 10:02:18,2015-01-06 10:19:11,2,1.16,-73.974372863769531,40.7509765625,1,N,-73.968818664550781,40.764278411865234,1,11,0,0.5,2.2,0,0.3,14
2,2015-01-06 10:02:18,2015-01-06 10:28:45,2,2.36,-73.978507995605469,40.744251251220703,1,N,-74.008308410644531,40.749015808105469,1,16,0,0.5,4,0,0.3,20.8
2,2015-01-06 10:02:18,2015-01-06 10:31:54,1,6.13,-74.000762939453125,40.675777435302734,1,N,-73.992294311523438,40.744407653808594,2,23.5,0,0.5,0,5.33,0.3,29.63
2,2015-01-06 10:02:18,2015-01-06 10:14:06,1,1.30,-74.000297546386719,40.677970886230469,1,N,-73.991020202636719,40.693275451660156,2,8.5,0,0.5,0,0,0.3,9.3
2,2015-01-06 10:02:19,2015-01-06 10:09:54,1,.79,-73.955299377441406,40.773380279541016,1,N,-73.962249755859375,40.763679504394531,1,6.5,0,0.5,1.3,0,0.3,8.6
2,2015-01-06 10:02:19,2015-01-06 10:11:08,1,.94,-73.99591064453125,40.738529205322266,1,N,-73.984580993652344,40.743419647216797,2,7,0,0.5,0,0,0.3,7.8
2,2015-01-06 10:02:20,2015-01-06 10:27:04,1,2.23,-73.977424621582031,40.764743804931641,1,N,-73.974815368652344,40.741973876953125,2,15,0,0.5,0,0,0.3,15.8
2,2015-01-06 10:02:20,2015-01-06 10:06:17,1,.66,-73.971923828125,40.762748718261719,1,N,-73.9656982421875,40.771427154541016,1,4.5,0,0.5,1,0,0.3,6.3
2,2015-01-06 10:02:20,2015-01-06 10:47:51,1,19.70,-74.010238647460938,40.710723876953125,1,N,-73.827117919921875,40.879898071289063,2,56,0,0.5,0,0,0.3,56.8
2,2015-01-06 10:02:21,2015-01-06 10:13:53,1,.75,-74.001457214355469,40.731094360351563,1,N,-74.00738525390625,40.728733062744141,1,8,0,0.5,1,0,0.3,9.8
2,2015-01-06 10:02:21,2015-01-06 10:14:31,1,1.12,-73.978004455566406,40.748737335205078,1,N,-73.988677978515625,40.736965179443359,1,8.5,0,0.5,1.7,0,0.3,11
2,2015-01-06 10:02:21,2015-01-06 10:07:37,1,1.02,-73.984291076660156,40.779796600341797,1,N,-73.98858642578125,40.768245697021484,1,5.5,0,0.5,1,0,0.3,7.3
2,2015-01-06 10:02:22,2015-01-06 10:12:00,2,.60,-73.965988159179688,40.762397766113281,1,N,-73.957267761230469,40.761905670166016,1,7,0,0.5,2.1,0,0.3,9.9
2,2015-01-06 10:02:23,2015-01-06 10:08:19,1,.61,-73.9532470703125,40.765815734863281,1,N,-73.952842712402344,40.772453308105469,2,5.5,0,0.5,0,0,0.3,6.3
2,2015-01-06 10:02:23,2015-01-06 10:15:38,3,1.34,-73.993461608886719,40.76220703125,1,N,-73.976310729980469,40.763553619384766,2,9.5,0,0.5,0,0,0.3,10.3
2,2015-01-06 10:02:23,2015-01-06 10:16:21,1,3.38,-73.985885620117187,40.755973815917969,1,N,-74.010391235351562,40.730445861816406,2,13,0,0.5,0,0,0.3,13.8
2,2015-01-06 10:02:24,2015-01-06 10:17:02,1,1.36,-73.956695556640625,40.770622253417969,1,N,-73.971359252929688,40.760433197021484,1,10,0,0.5,1,0,0.3,11.8
2,2015-01-06 10:02:25,2015-01-06 10:08:48,6,.77,-73.982650756835938,40.734630584716797,1,N,-73.974723815917969,40.742160797119141,1,6,0,0.5,1,0,0.3,7.8
2,2015-01-08 16:23:59,2015-01-08 16:30:54,1,.84,-73.9996337890625,40.733512878417969,1,N,-73.99267578125,40.726020812988281,1,6,1,0.5,1.4,0,0.3,9.2
1,2015-01-17 23:39:53,2015-01-18 00:01:22,2,5.40,-74.003334045410156,40.733547210693359,1,N,-73.946739196777344,40.777515411376953,1,19.5,0.5,0.5,4.16,0,0.3,24.96
1,2015-01-17 23:39:54,2015-01-17 23:59:27,2,3.10,-73.991783142089844,40.727214813232422,1,N,-73.980789184570313,40.6861572265625,1,15.5,0.5,0.5,3.35,0,0.3,20.15
1,2015-01-17 23:39:54,2015-01-17 23:49:24,3,2.00,-74.014083862304688,40.676406860351562,1,N,-73.995437622070312,40.683078765869141,1,8.5,0.5,0.5,1.95,0,0.3,11.75
1,2015-01-17 23:39:55,2015-01-18 00:02:29,4,4.70,-73.946403503417969,40.77728271484375,1,N,-73.9915771484375,40.727298736572266,2,18.5,0.5,0.5,0,0,0.3,19.8
1,2015-01-17 23:39:55,2015-01-17 23:44:47,1,1.00,-73.943214416503906,40.714683532714844,1,N,-73.941123962402344,40.725933074951172,1,5.5,0.5,0.5,2.04,0,0.3,8.84
1,2015-01-17 23:39:55,2015-01-17 23:49:46,2,2.00,-73.994552612304687,40.7261962890625,1,N,-73.978317260742188,40.751499176025391,2,9.5,0.5,0.5,0,0,0.3,10.8
1,2015-01-17 23:39:55,2015-01-17 23:43:11,1,.40,-73.993515014648437,40.727451324462891,1,N,-73.988037109375,40.732223510742188,1,4,0.5,0.5,1.06,0,0.3,6.36
1,2015-01-17 23:39:56,2015-01-17 23:43:09,1,1.10,-73.962852478027344,40.775054931640625,1,N,-73.952766418457031,40.784091949462891,2,5,0.5,0.5,0,0,0.3,6.3
1,2015-01-17 23:39:56,2015-01-17 23:59:22,1,3.10,-73.97247314453125,40.75958251953125,1,N,-73.993484497070313,40.721965789794922,1,15,0.5,0.5,4.07,0,0.3,20.37
1,2015-01-17 23:39:56,2015-01-18 00:09:58,1,15.50,-73.782615661621094,40.644390106201172,1,N,-73.947662353515625,40.722740173339844,1,44,0.5,0.5,11.32,0,0.3,56.62
1,2015-01-17 23:39:57,2015-01-17 23:43:57,1,.60,-73.952293395996094,40.781505584716797,1,N,-73.953849792480469,40.777076721191406,1,4.5,0.5,0.5,1.15,0,0.3,6.95
1,2015-01-17 23:39:57,2015-01-17 23:47:56,3,1.60,-73.985427856445313,40.744316101074219,1,N,-73.969810485839844,40.759166717529297,1,8,0.5,0.5,1.85,0,0.3,11.15
1,2015-01-17 23:39:57,2015-01-17 23:57:48,2,5.30,-73.983222961425781,40.726779937744141,1,N,-73.949058532714844,40.754180908203125,2,18.5,0.5,0.5,0,0,0.3,19.8
1,2015-01-17 23:39:58,2015-01-18 00:10:08,3,12.30,-73.98583984375,40.731094360351563,1,N,-73.934654235839844,40.851242065429688,1,37,0.5,0.5,6,0,0.3,44.3
2,2015-01-08 16:24:00,2015-01-08 16:35:14,1,1.91,-73.970046997070312,40.7596435546875,1,N,-73.955108642578125,40.783191680908203,2,10,1,0.5,0,0,0.3,11.8
2,2015-01-08 16:24:00,2015-01-08 16:33:53,1,2.46,-74.004196166992188,40.747600555419922,1,N,-73.97662353515625,40.764217376708984,1,10,1,0.5,2.75,0,0.3,14.55
2,2015-01-08 16:24:00,2015-01-08 16:37:12,1,1.67,-73.997482299804688,40.724338531494141,1,N,-74.007637023925781,40.705280303955078,1,10,1,0.5,2.2,0,0.3,14
2,2015-01-08 16:24:00,2015-01-08 16:40:33,1,3.20,-73.976448059082031,40.759075164794922,1,N,-74.003707885742187,40.722496032714844,1,13,1,0.5,3,0,0.3,17.8
2,2015-01-08 16:24:00,2015-01-08 16:36:34,1,.53,-73.958389282226563,40.775581359863281,1,N,-73.963211059570313,40.769275665283203,1,8.5,1,0.5,1.9,0,0.3,12.2
2,2015-01-08 16:24:00,2015-01-08 16:36:47,1,1.88,-73.949951171875,40.801792144775391,1,N,-73.957191467285156,40.780437469482422,1,10,1,0.5,2.2,0,0.3,14
2,2015-01-08 16:24:00,2015-01-08 16:32:01,2,1.33,-73.977424621582031,40.752067565917969,1,N,-73.985023498535156,40.746307373046875,1,7.5,1,0.5,1.7,0,0.3,11
2,2015-01-08 16:24:00,2015-01-08 16:41:39,1,2.88,-73.959182739257813,40.712028503417969,1,N,-73.929954528808594,40.699317932128906,1,13.5,1,0.5,0,0,0.3,15.3
2,2015-01-08 16:24:00,2015-01-08 16:33:11,1,1.54,-73.993354797363281,40.729450225830078,1,N,-73.982719421386719,40.745372772216797,2,8,1,0.5,0,0,0.3,9.8
2,2015-01-08 16:24:01,2015-01-08 16:57:08,1,1.13,-73.954582214355469,40.7696533203125,1,N,-73.965965270996094,40.765316009521484,1,19,1,0.5,4,0,0.3,24.8
2,2015-01-08 16:24:01,2015-01-08 16:32:56,1,.85,-73.964630126953125,40.773002624511719,1,N,-73.955253601074219,40.779312133789063,1,7,1,0.5,1.6,0,0.3,10.4
2,2015-01-08 16:24:01,2015-01-08 16:48:20,1,4.77,-74.013031005859375,40.716751098632812,1,N,-73.979354858398438,40.762577056884766,2,20,1,0.5,0,0,0.3,21.8
2,2015-01-08 16:24:01,2015-01-08 16:37:52,2,1.70,-73.988525390625,40.774253845214844,1,N,-73.97149658203125,40.760505676269531,1,10.5,1,0.5,1.5,0,0.3,13.8
2,2015-01-08 16:24:01,2015-01-08 16:37:10,1,1.29,-73.982376098632812,40.745742797851562,1,N,-73.989395141601562,40.756271362304688,2,9,1,0.5,0,0,0.3,10.8
2,2015-01-08 16:24:01,2015-01-08 16:36:03,1,2.20,-73.985603332519531,40.773250579833984,1,N,-73.967262268066406,40.793613433837891,1,10,1,0.5,0,0,0.3,11.8
2,2015-01-08 16:24:02,2015-01-08 16:50:53,1,8.75,-73.87310791015625,40.774131774902344,1,N,-73.97210693359375,40.756828308105469,1,28.5,1,0.5,6.97,5.33,0.3,42.6
2,2015-01-08 16:24:02,2015-01-08 16:30:51,1,1.28,-73.960906982421875,40.769283294677734,1,N,-73.948707580566406,40.782871246337891,2,6.5,1,0.5,0,0,0.3,8.3
2,2015-01-08 16:24:02,2015-01-08 16:37:24,5,4.54,-73.968818664550781,40.758674621582031,1,N,-73.979164123535156,40.720138549804687,1,15.5,1,0.5,2.75,0,0.3,20.05
2,2015-01-08 16:24:03,2015-01-08 16:44:42,1,3.26,-73.955657958984375,40.769386291503906,1,N,-73.992416381835938,40.758270263671875,1,15,1,0.5,3.2,0,0.3,20
2,2015-01-08 16:24:04,2015-01-08 16:29:26,2,1.14,-73.951042175292969,40.78253173828125,1,N,-73.958686828613281,40.768661499023438,1,6,1,0.5,1.4,0,0.3,9.2
2,2015-01-28 21:50:16,2015-01-28 22:00:10,5,1.60,-73.972023010253906,40.749706268310547,1,N,-73.986297607421875,40.745170593261719,2,8.5,0.5,0.5,0,0,0.3,9.8
1,2015-01-21 00:53:22,2015-01-21 01:05:29,1,4.60,-74.009201049804688,40.713409423828125,1,N,-73.941566467285156,40.723365783691406,1,15,0.5,0.5,2,0,0.3,18.3
2,2015-01-28 21:50:16,2015-01-28 22:09:25,1,5.10,-74.009574890136719,40.721466064453125,1,N,-73.968429565429687,40.767295837402344,1,18,0.5,0.5,3.86,0,0.3,23.16
2,2015-01-28 21:50:17,2015-01-28 21:55:29,1,.86,-73.9794921875,40.75048828125,1,N,-73.991310119628906,40.750198364257813,1,5.5,0.5,0.5,1,0,0.3,7.8
2,2015-01-28 21:50:17,2015-01-28 21:50:20,1,.08,0,0,5,N,0,0,1,50,0,0.5,0,0,0.3,50.8
2,2015-01-28 21:50:17,2015-01-28 21:56:12,4,1.39,-73.952957153320313,40.782939910888672,1,N,-73.972366333007812,40.786731719970703,1,7,0.5,0.5,1.66,0,0.3,9.96
2,2015-01-28 21:50:18,2015-01-28 21:53:25,5,1.32,-73.939582824707031,40.801490783691406,1,N,-73.950698852539062,40.786186218261719,1,5.5,0.5,0.5,1.36,0,0.3,8.16
2,2015-01-28 21:50:18,2015-01-28 22:17:41,2,6.76,-73.988845825195313,40.760261535644531,1,N,-73.965660095214844,40.686786651611328,1,24,0.5,0.5,4.9,0,0.3,30.2
2,2015-01-28 21:50:18,2015-01-28 22:11:18,1,8.62,-73.876609802246094,40.772720336914063,1,N,-73.986030578613281,40.754169464111328,2,26,0.5,0.5,0,5.33,0.3,32.63
2,2015-01-28 21:50:18,2015-01-28 22:07:54,1,3.80,-73.975486755371094,40.760372161865234,1,N,-74.010429382324219,40.723659515380859,1,15,0.5,0.5,3.1,0,0.3,19.4
2,2015-01-28 21:50:18,2015-01-28 22:00:24,1,1.65,-73.974838256835938,40.755718231201172,1,N,-73.994270324707031,40.746280670166016,1,8.5,0.5,0.5,1.8,0,0.3,11.6
2,2015-01-28 21:50:18,2015-01-28 22:04:26,1,3.16,-73.983139038085938,40.771526336669922,1,N,-73.980125427246094,40.738651275634766,2,12.5,0.5,0.5,0,0,0.3,13.8
2,2015-01-28 21:50:18,2015-01-28 22:04:00,1,3.52,-73.977188110351562,40.764259338378906,1,N,-73.951728820800781,40.804115295410156,1,13.5,0.5,0.5,2,0,0.3,16.8
2,2015-01-28 21:50:19,2015-01-28 21:56:05,1,.72,-73.992179870605469,40.715080261230469,1,N,-74.004066467285156,40.716121673583984,2,5.5,0.5,0.5,0,0,0.3,6.8
2,2015-01-28 21:50:19,2015-01-28 22:06:55,1,4.65,-74.014442443847656,40.703670501708984,1,N,-73.991172790527344,40.751270294189453,1,17.5,0.5,0.5,3.76,0,0.3,22.56
2,2015-01-28 21:50:19,2015-01-28 21:59:10,1,1.48,-73.970726013183594,40.761600494384766,1,N,-73.98223876953125,40.777061462402344,1,8,0.5,0.5,1,0,0.3,10.3
2,2015-01-28 21:50:20,2015-01-28 22:11:30,1,5.56,-74.006706237792969,40.744228363037109,1,N,-73.996292114257813,40.681003570556641,1,20,0.5,0.5,4.26,0,0.3,25.56
2,2015-01-28 21:50:20,2015-01-28 21:58:16,1,1.69,-73.961158752441406,40.718940734863281,1,N,-73.945732116699219,40.725421905517578,1,7.5,0.5,0.5,1.76,0,0.3,10.56
2,2015-01-28 21:50:21,2015-01-28 21:57:45,1,1.69,-73.969398498535156,40.761043548583984,1,N,-73.982254028320312,40.776660919189453,2,7.5,0.5,0.5,0,0,0.3,8.8
2,2015-01-28 21:50:21,2015-01-28 21:58:48,5,1.26,-73.989814758300781,40.719123840332031,1,N,-74.007431030273437,40.727310180664063,2,7.5,0.5,0.5,0,0,0.3,8.8
2,2015-01-28 21:50:22,2015-01-28 22:12:44,5,8.86,-74.013313293457031,40.705238342285156,1,N,-73.950347900390625,40.783878326416016,1,27,0.5,0.5,5.66,0,0.3,33.96
2,2015-01-28 21:50:22,2015-01-28 22:05:41,1,3.97,0,0,1,N,0,0,1,14,0.5,0.5,4.35,0,0.3,19.65
2,2015-01-28 21:50:23,2015-01-28 21:58:17,1,1.96,-73.998855590820312,40.734645843505859,1,N,-73.978645324707031,40.752521514892578,1,8.5,0.5,0.5,1.96,0,0.3,11.76
2,2015-01-01 01:08:55,2015-01-01 01:19:20,5,.96,-73.995109558105469,40.769432067871094,1,N,-73.983688354492187,40.766708374023438,2,8,0.5,0.5,0,0,0.3,9.3
2,2015-01-01 01:08:55,2015-01-01 01:35:20,1,5.78,-74.007827758789063,40.714859008789063,1,N,-73.939666748046875,40.674594879150391,1,23,0.5,0.5,4.7,0,0.3,29
2,2015-01-01 01:08:55,2015-01-01 01:20:15,1,1.71,-73.957237243652344,40.764110565185547,1,N,-73.984352111816406,40.774875640869141,1,9.5,0.5,0.5,2.5,0,0.3,13.3
2,2015-01-01 01:08:55,2015-01-01 01:28:44,6,5.53,-74.016395568847656,40.706401824951172,1,N,-73.976799011230469,40.747535705566406,1,19.5,0.5,0.5,4,0,0.3,24.8
2,2015-01-01 01:08:55,2015-01-01 01:50:14,2,7.07,-73.975227355957031,40.790210723876953,1,N,-74.01043701171875,40.729549407958984,2,30,0.5,0.5,0,0,0.3,31.3
1,2015-01-01 01:08:56,2015-01-01 01:19:50,5,2.30,-73.946235656738281,40.792152404785156,1,N,-73.959640502929687,40.765975952148438,1,10,0.5,0.5,3,0,0,14.3
1,2015-01-01 01:08:56,2015-01-01 01:27:57,1,6.00,-73.986618041992188,40.739353179931641,1,N,-73.94915771484375,40.805160522460937,1,18.7,0.5,0.5,6,0,0,26
1,2015-01-01 01:08:56,2015-01-01 01:59:34,2,7.20,-73.98651123046875,40.766925811767578,1,N,-73.9766845703125,40.682937622070312,2,34.5,0.5,0.5,0,0,0,35.8
1,2015-01-01 01:08:56,2015-01-01 01:22:59,1,4.00,-73.967567443847656,40.756160736083984,1,N,-73.918220520019531,40.755393981933594,1,14.5,0.5,0.5,3,0,0,18.8
1,2015-01-01 01:08:56,2015-01-01 01:19:40,3,2.10,-73.977058410644531,40.760707855224609,1,N,-73.952850341796875,40.766578674316406,1,9.5,0.5,0.5,3.2,0,0,14
1,2015-01-01 01:08:56,2015-01-01 01:08:56,4,.00,-73.980789184570313,40.676605224609375,1,Y,0,0,2,20,0.5,0.5,0,0,0,21.3
2,2015-01-01 01:08:56,2015-01-01 01:23:23,1,3.04,-73.965736389160156,40.755214691162109,1,N,-73.975517272949219,40.785392761230469,1,12.5,0.5,0.5,2.6,0,0.3,16.4
2,2015-01-01 01:08:56,2015-01-01 01:13:57,6,.59,-73.982925415039062,40.744773864746094,1,N,-73.990745544433594,40.745445251464844,1,5,0.5,0.5,1.1,0,0.3,7.4
2,2015-01-01 01:08:56,2015-01-01 01:12:58,6,.87,-73.999252319335938,40.744216918945313,1,N,-73.991371154785156,40.754890441894531,2,5,0.5,0.5,0,0,0.3,6.3
2,2015-01-01 01:08:56,2015-01-01 01:32:33,1,3.67,-73.980766296386719,40.782615661621094,1,N,-73.974143981933594,40.744102478027344,1,17,0.5,0.5,3.5,0,0.3,21.8
2,2015-01-01 01:08:56,2015-01-01 01:12:57,5,.77,-73.988082885742187,40.732177734375,1,N,-73.980911254882812,40.733455657958984,1,5,0.5,0.5,0,0,0.3,6.3
2,2015-01-01 01:08:56,2015-01-01 01:18:58,6,2.35,-73.945518493652344,40.774364471435547,1,N,-73.973052978515625,40.792945861816406,1,10,0.5,0.5,1.25,0,0.3,12.55
2,2015-01-01 01:08:56,2015-01-01 01:15:56,1,1.68,-73.978080749511719,40.783115386962891,1,N,-73.961410522460938,40.800262451171875,1,7.5,0.5,0.5,1.6,0,0.3,10.4
2,2015-01-01 01:08:56,2015-01-01 01:14:51,4,.88,-73.964195251464844,40.767822265625,1,N,-73.962234497070312,40.758934020996094,2,6,0.5,0.5,0,0,0.3,7.3
1,2015-01-01 01:08:57,2015-01-01 01:23:23,2,2.10,-73.987174987792969,40.720577239990234,1,N,-73.986038208007813,40.722557067871094,2,11.5,0.5,0.5,0,0,0,12.8
1,2015-01-01 01:08:57,2015-01-01 01:17:08,2,1.20,-73.936058044433594,40.700199127197266,1,N,-73.947113037109375,40.711387634277344,2,7,0.5,0.5,0,0,0,8.3
1,2015-01-01 01:08:57,2015-01-01 01:31:03,1,4.20,-74.005935668945313,40.731788635253906,1,N,-73.97265625,40.687408447265625,1,17.7,0.5,0.5,3,0,0,22
2,2015-01-01 05:29:47,2015-01-01 05:42:08,2,3.27,-73.984619140625,40.729652404785156,1,N,-73.986885070800781,40.762668609619141,2,12.5,0.5,0.5,0,0,0.3,13.8
2,2015-01-01 05:29:47,2015-01-01 05:49:54,1,8.88,-73.918708801269531,40.701316833496094,1,N,-73.861549377441406,40.768215179443359,1,26.5,0.5,0.5,6.75,0,0.3,34.55
1,2015-01-01 05:29:48,2015-01-01 05:37:10,1,2.70,-74.006576538085937,40.731899261474609,1,N,-73.980140686035156,40.758571624755859,1,9.5,0.5,0.5,2.15,0,0,12.95
2,2015-01-01 05:29:48,2015-01-01 05:31:12,1,.41,-73.957130432128906,40.729202270507812,1,N,-73.951339721679688,40.728748321533203,1,3.5,0.5,0.5,1,0,0.3,5.8
2,2015-01-01 05:29:48,2015-01-01 05:34:47,2,1.29,-73.933792114257813,40.696269989013672,1,N,-73.953712463378906,40.707050323486328,1,6.5,0.5,0.5,1.4,0,0.3,9.2
2,2015-01-01 05:29:48,2015-01-01 05:46:49,1,2.49,-74.006736755371094,40.731155395507812,1,N,-73.990249633789063,40.717678070068359,2,12,0.5,0.5,0,0,0.3,13.3
2,2015-01-01 05:29:48,2015-01-01 05:43:17,2,6.57,-73.990272521972656,40.763351440429688,1,N,-73.947502136230469,40.830715179443359,2,20.5,0.5,0.5,0,0,0.3,21.8
1,2015-01-01 05:29:49,2015-01-01 05:46:29,1,4.10,-73.987953186035156,40.738239288330078,1,N,-73.948127746582031,40.710567474365234,1,16,0.5,0.5,3.45,0,0,20.75
1,2015-01-01 05:29:49,2015-01-01 05:31:50,2,.60,-73.978103637695313,40.729339599609375,1,N,-73.976387023925781,40.723171234130859,2,4,0.5,0.5,0,0,0,5.3
2,2015-01-01 05:29:49,2015-01-01 05:38:09,1,1.52,-73.915122985839844,40.763828277587891,1,N,-73.923171997070313,40.745498657226562,2,8,0.5,0.5,0,0,0.3,9.3
2,2015-01-01 05:29:49,2015-01-01 05:36:47,2,.99,-73.941856384277344,40.837936401367188,1,N,-73.937896728515625,40.849872589111328,1,6.5,0.5,0.5,0,0,0.3,7.8
1,2015-01-01 05:29:50,2015-01-01 05:48:55,1,3.60,-73.942703247070313,40.816844940185547,1,N,-73.931900024414063,40.857898712158203,1,15.5,0.5,0.5,0,0,0,16.8
2,2015-01-01 05:29:50,2015-01-01 05:54:13,1,17.46,-73.982963562011719,40.757415771484375,3,N,-74.177192687988281,40.695056915283203,1,64,0.5,0,1,16,0.3,81.8
2,2015-01-01 05:29:50,2015-01-01 05:31:15,1,.35,-73.9857177734375,40.723159790039063,1,N,-73.987174987792969,40.727497100830078,2,3.5,0.5,0.5,0,0,0.3,4.8
2,2015-01-01 05:29:50,2015-01-01 05:35:46,1,1.56,-73.983818054199219,40.761909484863281,1,N,-74.000503540039063,40.747928619384766,2,7,0.5,0.5,0,0,0.3,8.3
2,2015-01-01 05:29:50,2015-01-01 05:44:28,1,3.00,-73.962959289550781,40.711837768554687,1,N,-73.926567077636719,40.695667266845703,2,13,0.5,0.5,0,0,0.3,14.3
2,2015-01-01 05:29:50,2015-01-01 05:50:45,3,7.47,-73.9981689453125,40.735450744628906,1,N,-73.952674865722656,40.810832977294922,2,24,0.5,0.5,0,0,0.3,25.3
2,2015-01-01 05:29:51,2015-01-01 05:35:03,1,.75,-73.952011108398437,40.797595977783203,1,N,-73.957977294921875,40.799880981445313,2,5.5,0.5,0.5,0,0,0.3,6.8
2,2015-01-01 05:29:51,2015-01-01 05:43:35,5,6.88,-74.00640869140625,40.714099884033203,1,N,-73.950271606445313,40.775390625,1,21,0.5,0.5,4.3,0,0.3,26.6
1,2015-01-01 05:29:52,2015-01-01 05:36:04,1,1.80,-73.979354858398438,40.743793487548828,1,N,-74.001556396484375,40.737384796142578,1,7.5,0.5,0.5,2.2,0,0,11
1,2015-01-01 05:29:52,2015-01-01 05:38:00,1,1.60,-73.999252319335938,40.721591949462891,1,N,-73.983680725097656,40.727684020996094,1,7.7,0.5,0.5,1.8,0,0,10.8
1,2015-01-01 05:29:52,2015-01-01 05:34:16,5,.80,-73.980232238769531,40.745681762695313,1,N,-73.991012573242188,40.750312805175781,2,5.5,0.5,0.5,0,0,0,6.8
1,2015-01-28 10:49:54,2015-01-28 10:55:48,1,.70,-73.967742919921875,40.768611907958984,1,N,-73.968276977539063,40.761558532714844,2,5.5,0,0.5,0,0,0.3,6.3
1,2015-01-28 10:49:55,2015-01-28 10:57:37,1,.80,-73.955581665039063,40.776996612548828,1,N,-73.964012145996094,40.770053863525391,2,6.5,0,0.5,0,0,0.3,7.3
1,2015-01-28 10:49:55,2015-01-28 10:57:22,1,1.50,-74.007225036621094,40.733985900878906,1,N,-74.011436462402344,40.714996337890625,1,7.5,0,0.5,1.65,0,0.3,9.95
1,2015-01-28 10:49:56,2015-01-28 11:21:17,1,3.30,-73.957351684570312,40.774326324462891,1,N,-73.991958618164063,40.747402191162109,1,20,0,0.5,4.15,0,0.3,24.95
1,2015-01-28 10:49:56,2015-01-28 11:05:09,1,2.20,-73.970924377441406,40.796024322509766,1,N,-73.981666564941406,40.766342163085937,1,11.5,0,0.5,1.5,0,0.3,13.8
1,2015-01-28 10:49:57,2015-01-28 11:00:46,1,1.00,-73.950973510742187,40.774990081787109,1,N,-73.963310241699219,40.768749237060547,2,8,0,0.5,0,0,0.3,8.8
1,2015-01-28 10:49:57,2015-01-28 10:52:36,1,.40,-73.991683959960937,40.740150451660156,1,N,-73.992240905761719,40.735736846923828,1,4,0,0.5,1.2,0,0.3,6
1,2015-01-28 10:49:58,2015-01-28 10:57:55,1,.80,-73.944572448730469,40.779659271240234,1,N,-73.956565856933594,40.778038024902344,1,6.5,0,0.5,1.45,0,0.3,8.75
1,2015-01-28 10:50:00,2015-01-28 11:02:15,1,1.60,-73.978652954101563,40.73681640625,1,N,-73.975395202636719,40.754604339599609,1,9.5,0,0.5,1.7,0,0.3,12
1,2015-01-28 10:50:00,2015-01-28 11:02:54,1,1.70,-73.962364196777344,40.772747039794922,1,N,-73.978599548339844,40.7581787109375,1,10,0,0.5,2.15,0,0.3,12.95
1,2015-01-28 10:50:01,2015-01-28 10:55:55,1,.60,-73.9664306640625,40.753322601318359,1,N,-73.967681884765625,40.759052276611328,2,5.5,0,0.5,0,0,0.3,6.3
1,2015-01-28 10:50:01,2015-01-28 11:28:06,3,17.50,-73.782554626464844,40.644519805908203,2,N,-73.983932495117188,40.755115509033203,2,52,0,0.5,0,5.33,0.3,58.13
1,2015-01-28 10:50:02,2015-01-28 11:04:18,1,1.60,-73.964683532714844,40.755771636962891,1,N,-73.966407775878906,40.772224426269531,2,10,0,0.5,0,0,0.3,10.8
1,2015-01-28 10:50:02,2015-01-28 10:55:45,1,.40,-73.95703125,40.770645141601563,1,N,-73.9632568359375,40.768222808837891,1,5,0,0.5,1,0,0.3,6.8
1,2015-01-28 10:50:02,2015-01-28 11:08:32,1,3.20,-73.987205505371094,40.760128021240234,1,N,-74.00787353515625,40.729621887207031,2,14.5,0,0.5,0,0,0.3,15.3
1,2015-01-28 10:50:03,2015-01-28 10:52:38,1,.30,-73.962913513183594,40.766323089599609,1,N,-73.966659545898438,40.769561767578125,1,4,0,0.5,0.95,0,0.3,5.75
1,2015-01-28 10:50:04,2015-01-28 11:06:44,2,2.30,-73.987289428710938,40.749065399169922,1,N,-73.991775512695313,40.722354888916016,1,12,0,0.5,2.55,0,0.3,15.35
1,2015-01-28 10:50:04,2015-01-28 11:14:48,1,18.00,-73.781669616699219,40.644588470458984,1,N,-73.919837951660156,40.809520721435547,1,48.5,0,0.5,5,5.33,0.3,59.63
1,2015-01-28 10:50:05,2015-01-28 10:54:37,1,.60,-73.956932067871094,40.766429901123047,1,N,-73.959007263183594,40.773139953613281,1,5,0,0.5,1.45,0,0.3,7.25
1,2015-01-28 10:50:05,2015-01-28 11:13:48,1,7.00,-73.957427978515625,40.811805725097656,1,N,-73.989372253417969,40.744106292724609,1,24,0,0.5,6.2,0,0.3,31
1,2015-01-28 10:50:05,2015-01-28 11:00:32,1,1.20,-73.993942260742188,40.731983184814453,1,N,-73.999603271484375,40.743923187255859,1,8,0,0.5,1.75,0,0.3,10.55
1,2015-01-28 10:50:05,2015-01-28 11:19:52,2,7.20,-73.997444152832031,40.733573913574219,1,N,-73.961593627929688,40.779941558837891,2,26,0,0.5,0,0,0.3,26.8
1,2015-01-07 19:57:52,2015-01-07 20:14:20,1,7.00,-74.007865905761719,40.705150604248047,1,N,-73.952430725097656,40.778274536132812,1,22,1,0.5,2,0,0.3,25.8
1,2015-01-07 19:57:52,2015-01-07 20:26:08,1,6.90,-73.984336853027344,40.736927032470703,1,Y,-74.009666442871094,40.649425506591797,1,25,1,0.5,6.7,0,0.3,33.5
1,2015-01-07 19:57:52,2015-01-07 20:06:17,1,1.10,-73.992889404296875,40.733734130859375,1,N,-73.989036560058594,40.72296142578125,1,7,1,0.5,1.5,0,0.3,10.3
1,2015-01-07 19:57:52,2015-01-07 20:13:20,2,7.50,-73.99114990234375,40.723262786865234,1,N,-73.884208679199219,40.751838684082031,1,22,0.5,0.5,4,0,0.3,27.3
1,2015-01-07 19:57:52,2015-01-07 20:18:24,1,3.20,-73.954933166503906,40.765598297119141,1,N,-73.991767883300781,40.749382019042969,1,15,0.5,0.5,2,0,0.3,18.3
1,2015-01-07 19:57:52,2015-01-07 20:06:42,1,1.10,-73.988990783691406,40.745460510253906,1,N,-74.001731872558594,40.740821838378906,1,7.5,0.5,0.5,1.75,0,0.3,10.55
1,2015-01-07 19:57:53,2015-01-07 20:13:17,1,3.50,-73.994216918945313,40.726280212402344,1,N,-73.962448120117188,40.720771789550781,1,13.5,1,0.5,3.05,0,0.3,18.35
1,2015-01-07 19:57:53,2015-01-07 20:20:37,2,2.80,-73.992462158203125,40.769111633300781,1,N,-73.984230041503906,40.751033782958984,1,16.5,1,0.5,2,0,0.3,20.3
1,2015-01-07 19:57:53,2015-01-07 20:22:04,1,5.00,-73.954719543457031,40.720447540283203,1,N,-73.97564697265625,40.743839263916016,1,19.5,1,0.5,5.3,0,0.3,26.6
1,2015-01-07 19:57:53,2015-01-07 20:01:44,1,.50,-73.973922729492188,40.792282104492187,1,N,-73.968437194824219,40.788246154785156,1,4.5,1,0.5,1,0,0.3,7.3
1,2015-01-07 19:57:53,2015-01-07 20:00:36,1,.50,-73.978744506835938,40.747833251953125,1,N,-73.984588623046875,40.742794036865234,1,4,0.5,0.5,1,0,0.3,6.3
1,2015-01-07 19:57:54,2015-01-07 20:08:07,1,2.40,-73.980873107910156,40.760795593261719,1,N,-73.952987670898437,40.778182983398438,2,10,1,0.5,0,0,0.3,11.8
1,2015-01-07 19:57:54,2015-01-07 20:13:24,1,3.70,-74.010025024414063,40.720806121826172,1,N,-73.9783935546875,40.762115478515625,1,14,1,0.5,1.5,0,0.3,17.3
1,2015-01-07 19:57:54,2015-01-07 20:04:26,1,.80,-73.994873046875,40.744747161865234,1,N,-73.982734680175781,40.742847442626953,2,6,1,0.5,0,0,0.3,7.8
1,2015-01-07 19:57:55,2015-01-07 20:03:51,1,1.10,-74.00439453125,40.719280242919922,1,N,-74.000816345214844,40.731735229492188,2,6,1,0.5,0,0,0.3,7.8
1,2015-01-07 19:57:55,2015-01-07 20:11:50,1,2.10,-74.005760192871094,40.745529174804688,1,N,-73.993728637695313,40.725746154785156,1,10.5,1,0.5,2,0,0.3,14.3
1,2015-01-07 19:57:55,2015-01-07 20:04:55,1,1.20,-73.978111267089844,40.725360870361328,1,N,-73.992805480957031,40.734943389892578,1,6.5,1,0.5,2.07,0,0.3,10.37
1,2015-01-07 19:57:55,2015-01-07 20:01:39,4,.40,-73.954055786132813,40.764198303222656,1,N,-73.9559326171875,40.768043518066406,2,4.5,1,0.5,0,0,0.3,6.3
1,2015-01-07 19:57:55,2015-01-07 20:04:39,1,1.00,-74.009178161621094,40.715190887451172,1,N,-73.998382568359375,40.723033905029297,1,6.5,0.5,0.5,1,0,0.3,8.8
1,2015-01-07 19:57:56,2015-01-07 20:08:43,2,1.30,-73.983390808105469,40.765727996826172,1,N,-73.992240905761719,40.749061584472656,1,8,1,0.5,2.45,0,0.3,12.25
1,2015-01-07 19:57:56,2015-01-07 20:22:30,1,5.20,-73.997451782226563,40.724090576171875,1,N,-73.950576782226563,40.780780792236328,2,20,1,0.5,0,0,0.3,21.8
1,2015-01-07 19:57:56,2015-01-07 20:05:44,1,1.00,-73.968757629394531,40.764976501464844,1,N,-73.964805603027344,40.754920959472656,1,7,0.5,0.5,1.65,0,0.3,9.95
1,2015-01-23 16:51:34,2015-01-23 17:19:19,4,6.80,-74.0133056640625,40.714504241943359,1,N,-73.983253479003906,40.754367828369141,2,24,1,0.5,0,0,0.3,25.8
1,2015-01-23 16:51:35,2015-01-23 16:53:44,1,.40,-73.983833312988281,40.73382568359375,1,N,-73.988197326660156,40.728038787841797,2,4,1,0.5,0,0,0.3,5.8
1,2015-01-23 16:51:35,2015-01-23 16:55:32,1,1.10,-73.966026306152344,40.762294769287109,1,N,-73.955741882324219,40.776218414306641,1,5.5,1,0.5,1.2,0,0.3,8.5
1,2015-01-23 16:51:35,2015-01-23 17:00:11,1,.80,-73.984100341796875,40.7562255859375,1,N,-73.991188049316406,40.750499725341797,1,7,1,0.5,1.75,0,0.3,10.55
1,2015-01-23 16:51:36,2015-01-23 17:05:19,1,1.80,-73.993820190429687,40.751266479492188,1,N,-73.971336364746094,40.761940002441406,1,10.5,1,0.5,3,0,0.3,15.3
1,2015-01-23 16:51:36,2015-01-23 17:50:15,1,9.30,-74.006721496582031,40.713348388671875,1,N,-73.910171508789063,40.754859924316406,2,39,1,0.5,0,0,0.3,40.8
1,2015-01-23 16:51:36,2015-01-23 17:04:39,1,2.90,-73.86236572265625,40.769004821777344,1,N,-73.905906677246094,40.768001556396484,1,12,1,0.5,2.75,0,0.3,16.55
1,2015-01-23 16:51:37,2015-01-23 17:01:46,1,1.30,-73.952987670898437,40.786170959472656,1,N,-73.958023071289062,40.770313262939453,2,8.5,1,0.5,0,0,0.3,10.3
1,2015-01-23 16:51:38,2015-01-23 16:59:47,1,.60,-73.991317749023437,40.750736236572266,1,N,-73.983512878417969,40.744655609130859,1,6.5,1,0.5,2.45,0,0.3,10.75
1,2015-01-23 16:51:38,2015-01-23 17:25:53,1,13.40,-73.865768432617188,40.770950317382813,1,N,-73.905128479003906,40.886035919189453,1,38,1,0.5,13.5,5.33,0.3,58.63
1,2015-01-23 16:51:38,2015-01-23 16:57:37,3,.40,-73.961593627929688,40.765174865722656,1,Y,-73.956634521484375,40.766239166259766,1,5.5,1,0.5,1.45,0,0.3,8.75
1,2015-01-23 16:51:39,2015-01-23 17:06:49,2,2.00,-73.989097595214844,40.774288177490234,1,N,-73.971672058105469,40.797531127929687,1,11,1,0.5,2.55,0,0.3,15.35
1,2015-01-23 16:51:39,2015-01-23 16:58:05,1,1.30,-73.954277038574219,40.779022216796875,1,N,-73.974372863769531,40.787258148193359,1,7,1,0.5,0.5,0,0.3,9.3
1,2015-01-23 16:51:40,2015-01-23 17:04:08,1,1.70,-73.971961975097656,40.746627807617188,1,N,-73.955635070800781,40.768310546875,1,10,1,0.5,1,0,0.3,12.8
1,2015-01-23 16:51:40,2015-01-23 17:04:11,2,1.70,-73.972061157226562,40.752830505371094,1,N,-73.953742980957031,40.7686767578125,1,10,1,0.5,2,0,0.3,13.8
1,2015-01-23 16:51:40,2015-01-23 16:58:49,1,.60,-73.988777160644531,40.73699951171875,1,N,-73.995643615722656,40.736778259277344,2,6.5,1,0.5,0,0,0.3,8.3
1,2015-01-23 16:51:41,2015-01-23 17:00:54,1,1.40,-74.000839233398437,40.757526397705078,1,N,-73.979248046875,40.752101898193359,2,8,1,0.5,0,0,0.3,9.8
1,2015-01-23 16:51:42,2015-01-23 17:09:10,1,1.80,-73.993675231933594,40.749359130859375,1,N,-73.977531433105469,40.758949279785156,2,12,1,0.5,0,0,0.3,13.8
1,2015-01-23 16:51:43,2015-01-23 17:10:13,1,2.30,-73.989303588867187,40.742759704589844,1,N,-74.006324768066406,40.717044830322266,1,13.5,1,0.5,1,0,0.3,16.3
1,2015-01-23 16:51:43,2015-01-23 16:59:00,1,1.30,-73.966323852539062,40.767646789550781,1,N,-73.952201843261719,40.779685974121094,1,7,1,0.5,1.76,0,0.3,10.56
1,2015-01-23 16:51:43,2015-01-23 17:09:09,1,2.30,-73.952522277832031,40.768581390380859,1,N,-73.981590270996094,40.761737823486328,1,13,1,0.5,2.96,0,0.3,17.76
1,2015-01-23 16:51:44,2015-01-23 16:56:52,1,.60,-73.949485778808594,40.807655334472656,1,N,-73.945899963378906,40.801319122314453,2,5,1,0.5,0,0,0.3,6.8
1,2015-01-07 20:09:37,2015-01-07 20:14:40,1,.80,-73.956008911132813,40.78497314453125,1,N,-73.945655822753906,40.790153503417969,1,5.5,0.5,0.5,0,0,0.3,6.8
1,2015-01-07 20:09:37,2015-01-07 20:27:38,1,10.20,-73.98199462890625,40.766933441162109,1,N,-73.919418334960937,40.880565643310547,2,29.5,0.5,0.5,0,2.44,0.3,33.24
1,2015-01-07 20:09:37,2015-01-07 20:27:03,1,4.50,-73.984161376953125,40.760517120361328,1,N,-73.9432373046875,40.805999755859375,1,16,0.5,0.5,3.46,0,0.3,20.76
1,2015-01-07 20:09:37,2015-01-07 20:32:07,1,6.90,-73.990058898925781,40.714111328125,1,N,-74.004219055175781,40.654373168945313,1,23,0.5,0.5,4.85,0,0.3,29.15
1,2015-01-07 20:09:37,2015-01-07 20:24:00,1,2.80,-73.988357543945313,40.720096588134766,1,N,-73.97698974609375,40.752220153808594,1,12.5,0.5,0.5,2.75,0,0.3,16.55
1,2015-01-07 20:09:37,2015-01-07 20:24:49,1,1.50,-73.993446350097656,40.757099151611328,1,N,-73.99169921875,40.753318786621094,2,11,0.5,0.5,0,0,0.3,12.3
1,2015-01-07 20:09:38,2015-01-07 20:19:25,1,1.40,-73.999061584472656,40.7392578125,1,N,-73.983360290527344,40.726787567138672,1,8,0.5,0.5,1,0,0.3,10.3
1,2015-01-07 20:09:38,2015-01-07 20:25:41,1,3.60,-74.000083923339844,40.721885681152344,1,N,-73.96337890625,40.756660461425781,1,14.5,0.5,0.5,3,0,0.3,18.8
1,2015-01-07 20:09:38,2015-01-07 20:18:26,1,3.20,-73.866134643554688,40.770927429199219,1,N,-73.90234375,40.755054473876953,2,11,0.5,0.5,0,0,0.3,12.3
1,2015-01-07 20:09:39,2015-01-07 20:20:47,1,2.10,-73.979522705078125,40.760799407958984,1,N,-73.957511901855469,40.778518676757813,1,10,0.5,0.5,2.25,0,0.3,13.55
1,2015-01-07 20:09:39,2015-01-07 20:33:01,1,8.00,-73.967208862304688,40.755516052246094,1,N,-73.853202819824219,40.726573944091797,1,26,0.5,0.5,6.8,0,0.3,34.1
1,2015-01-07 20:09:39,2015-01-07 20:25:25,1,6.90,-74.010444641113281,40.721363067626953,1,N,-73.977500915527344,40.752330780029297,1,21.5,0.5,0.5,4.11,0,0.3,26.91
1,2015-01-07 20:09:39,2015-01-07 20:12:32,1,.50,-73.954338073730469,40.774238586425781,1,N,-73.959297180175781,40.775306701660156,2,4,0.5,0.5,0,0,0.3,5.3
1,2015-01-07 20:09:39,2015-01-07 20:29:48,1,4.30,-73.966621398925781,40.792823791503906,1,N,-73.987403869628906,40.740581512451172,2,16.5,0.5,0.5,0,0,0.3,17.8
1,2015-01-07 20:09:40,2015-01-07 20:17:53,1,1.40,-73.968864440917969,40.757316589355469,1,N,-73.982521057128906,40.771305084228516,2,7.5,0.5,0.5,0,0,0.3,8.8
1,2015-01-07 20:09:40,2015-01-07 20:18:21,1,1.00,-73.994483947753906,40.748264312744141,1,N,-73.987266540527344,40.761936187744141,1,7,0.5,0.5,1.66,0,0.3,9.96
1,2015-01-07 20:09:41,2015-01-07 20:14:42,1,.70,-73.997406005859375,40.724288940429687,1,N,-74.000114440917969,40.7161865234375,1,5,0.5,0.5,1.25,0,0.3,7.55
1,2015-01-07 20:09:41,2015-01-07 20:19:30,3,1.60,-73.98858642578125,40.738544464111328,1,N,-73.974929809570313,40.755874633789063,2,8.5,0.5,0.5,0,0,0.3,9.8
1,2015-01-07 20:09:41,2015-01-07 20:19:54,1,1.90,-73.957290649414063,40.777805328369141,1,N,-73.980262756347656,40.775283813476563,2,9.5,0.5,0.5,0,0,0.3,10.8
1,2015-01-07 20:09:41,2015-01-07 20:19:54,1,2.10,0,0,1,N,0,0,2,9.5,0.5,0.5,0,0,0.3,10.8
1,2015-01-07 20:09:42,2015-01-07 20:26:53,1,3.10,-73.978492736816406,40.753749847412109,1,N,-73.949638366699219,40.790336608886719,1,14.5,0.5,0.5,3.15,0,0.3,18.95
1,2015-01-07 20:09:42,2015-01-07 20:17:38,1,1.00,-73.97821044921875,40.752769470214844,1,N,-73.990226745605469,40.750217437744141,2,7,0.5,0.5,0,0,0.3,8.3
1,2015-01-10 19:12:21,2015-01-10 19:16:04,2,.60,-74.005966186523438,40.714073181152344,1,N,-74.009742736816406,40.720104217529297,1,4.5,0,0.5,1.7,0,0.3,7
1,2015-01-10 19:12:21,2015-01-10 19:19:59,1,.40,-73.995376586914063,40.762901306152344,1,N,-73.98712158203125,40.759281158447266,2,6,0,0.5,0,0,0.3,6.8
1,2015-01-10 19:12:22,2015-01-10 19:28:03,1,5.30,-73.989265441894531,40.750541687011719,1,N,-73.962692260742187,40.805068969726563,1,17.5,0,0.5,3.65,0,0.3,21.95
1,2015-01-10 19:12:22,2015-01-10 19:31:40,1,2.40,-73.970382690429688,40.750625610351563,1,N,-73.99346923828125,40.733673095703125,1,13,0,0.5,1,0,0.3,14.8
1,2015-01-10 19:12:22,2015-01-10 19:18:20,1,1.00,-73.992683410644531,40.747501373291016,1,N,-74.004669189453125,40.735984802246094,1,6,0,0.5,0,0,0.3,6.8
